Estimation;EKF;;;;;
Acquisition;Simulation;;;;;
Representation;Euler Angles;;;;;
Time interval(s);12.0;Samp. Frequency(Hz);200;;;
Simulation Time(ms);552.819;Estimation time(ms);1257.446;Total Time(s);12.019;
Rotation Speed RPY(deg/s);0;0;30;Rotation Start/Stop(s);;
Initial RPY(deg);0;0;0;;;
Accelerometer Noise Power;0.038214;Accelerometer Noise Offset;0.0195;;;
Gyrometer Noise Power;0.01749;Gyrometer Noise Offset;0.0322;;;
Magnetometer Noise Power;1.204;;;;;
RMSE Roll(deg);1.96;RMSE Pitch(deg);2.07;RMSE Yaw(deg);2.82;Average RMSE(deg)
RMSE Roll(%);1.09;RMSE Pitch(%);1.15;RMSE Yaw(%);1.57;Average RMSE(%)
t(s);;;;r_est(d);p_est(d);y_est(d)
0.000;;;;0.00;0.00;0.00
0.005;;;;0.43;2.17;2.91
0.010;;;;3.64;-2.14;2.98
0.015;;;;-0.12;0.12;2.07
0.020;;;;2.60;-1.06;3.70
0.025;;;;4.01;-0.92;4.74
0.030;;;;-0.52;-2.13;1.90
0.035;;;;-0.10;-2.24;0.88
0.040;;;;1.44;-1.05;3.57
0.045;;;;0.09;-0.32;0.95
0.050;;;;5.40;0.30;4.58
0.055;;;;2.16;-0.48;3.70
0.060;;;;2.49;-0.61;3.30
0.065;;;;2.97;0.18;5.69
0.070;;;;-2.25;-2.13;0.00
0.075;;;;1.50;-3.86;0.66
0.080;;;;1.86;0.23;1.05
0.085;;;;2.49;-0.31;2.53
0.090;;;;2.66;-0.30;4.28
0.095;;;;0.63;-0.16;1.82
0.100;;;;4.64;0.29;10.05
0.105;;;;0.69;0.41;6.65
0.110;;;;1.85;-0.36;6.97
0.115;;;;1.17;-0.14;7.35
0.120;;;;0.39;-0.41;7.61
0.125;;;;2.54;-1.57;8.91
0.130;;;;0.64;-1.03;5.47
0.135;;;;4.42;-0.32;9.06
0.140;;;;2.05;-0.24;9.91
0.145;;;;2.23;-1.78;9.28
0.150;;;;-1.94;1.48;3.09
0.155;;;;-0.17;-0.62;6.10
0.160;;;;1.65;-2.09;6.55
0.165;;;;-0.28;1.45;7.23
0.170;;;;0.66;0.89;6.27
0.175;;;;1.04;-1.68;4.61
0.180;;;;3.89;-0.64;9.06
0.185;;;;3.34;0.51;10.37
0.190;;;;4.32;-1.64;11.16
0.195;;;;1.83;-3.64;8.20
0.200;;;;3.25;-2.00;9.29
0.205;;;;-1.03;-2.18;8.61
0.210;;;;1.33;-3.34;9.84
0.215;;;;4.85;3.78;9.64
0.220;;;;1.58;1.47;8.81
0.225;;;;0.78;0.26;7.29
0.230;;;;2.35;-0.62;9.55
0.235;;;;2.48;0.76;8.68
0.240;;;;1.08;-2.65;10.25
0.245;;;;4.14;-2.69;10.73
0.250;;;;1.42;-0.91;7.97
0.255;;;;-0.28;-0.36;5.77
0.260;;;;3.35;0.10;10.56
0.265;;;;0.71;0.20;9.86
0.270;;;;-0.17;-0.22;7.59
0.275;;;;-2.41;1.07;3.46
0.280;;;;1.47;-0.60;12.89
0.285;;;;5.79;0.05;15.45
0.290;;;;0.69;0.06;10.51
0.295;;;;1.14;0.09;9.01
0.300;;;;0.86;-0.08;9.87
0.305;;;;-0.98;-0.15;11.17
0.310;;;;2.02;0.67;12.89
0.315;;;;1.13;0.69;17.35
0.320;;;;2.00;-0.68;11.99
0.325;;;;0.23;-0.97;8.69
0.330;;;;3.43;-0.90;13.62
0.335;;;;1.49;-0.22;14.29
0.340;;;;0.85;-0.82;11.58
0.345;;;;0.67;-2.86;11.57
0.350;;;;-0.35;-0.01;11.61
0.355;;;;0.52;4.43;10.71
0.360;;;;-0.16;-0.56;12.38
0.365;;;;4.21;-2.33;14.14
0.370;;;;-1.64;-0.86;9.79
0.375;;;;-0.19;1.03;10.90
0.380;;;;2.20;-1.11;12.32
0.385;;;;1.54;-0.66;14.91
0.390;;;;-1.24;0.40;13.19
0.395;;;;2.22;-1.41;12.29
0.400;;;;0.79;-3.07;14.04
0.405;;;;1.16;-1.99;13.86
0.410;;;;3.15;-1.93;15.38
0.415;;;;1.11;-1.23;14.10
0.420;;;;0.10;0.14;12.77
0.425;;;;1.25;-0.89;10.65
0.430;;;;3.81;-1.83;16.00
0.435;;;;3.41;1.20;15.25
0.440;;;;3.06;0.26;17.04
0.445;;;;1.31;-1.46;14.64
0.450;;;;4.18;-1.34;14.49
0.455;;;;4.75;-2.53;16.03
0.460;;;;3.68;-1.79;19.16
0.465;;;;-0.03;-0.21;16.98
0.470;;;;-0.38;-1.36;14.07
0.475;;;;0.75;1.00;15.62
0.480;;;;0.83;0.04;16.83
0.485;;;;2.27;-1.46;16.26
0.490;;;;2.62;-0.93;17.70
0.495;;;;2.95;-2.01;19.98
0.500;;;;-0.31;-1.82;16.11
0.505;;;;-1.96;1.20;14.08
0.510;;;;2.20;0.07;16.19
0.515;;;;0.88;0.07;16.11
0.520;;;;-0.99;-1.26;17.98
0.525;;;;1.70;-0.15;17.34
0.530;;;;0.75;2.61;14.96
0.535;;;;-0.63;0.57;15.93
0.540;;;;1.65;-1.83;17.50
0.545;;;;2.52;-1.26;19.49
0.550;;;;1.56;-1.47;19.57
0.555;;;;-1.39;-1.96;16.88
0.560;;;;1.50;-1.86;17.69
0.565;;;;1.98;1.00;17.21
0.570;;;;1.55;-0.31;18.84
0.575;;;;4.14;-3.05;24.78
0.580;;;;0.54;0.33;21.33
0.585;;;;-0.06;-0.85;18.57
0.590;;;;-1.63;-2.34;17.84
0.595;;;;3.46;-2.33;22.43
0.600;;;;4.29;0.77;17.69
0.605;;;;2.45;-1.61;22.33
0.610;;;;3.43;-0.31;23.46
0.615;;;;2.00;1.18;21.58
0.620;;;;-0.52;-2.47;15.96
0.625;;;;1.11;-1.12;19.36
0.630;;;;1.26;1.63;21.82
0.635;;;;0.24;1.71;21.91
0.640;;;;0.71;-0.76;20.02
0.645;;;;5.96;-1.09;26.41
0.650;;;;3.08;-0.19;23.58
0.655;;;;2.42;-0.53;24.38
0.660;;;;-0.34;-0.59;20.63
0.665;;;;0.35;-0.46;20.07
0.670;;;;-0.05;0.37;20.53
0.675;;;;0.96;-1.50;19.69
0.680;;;;-0.49;-2.47;17.40
0.685;;;;-1.60;1.21;18.34
0.690;;;;0.61;-1.65;19.31
0.695;;;;-2.36;-0.63;18.96
0.700;;;;-0.36;1.50;19.70
0.705;;;;0.34;-1.23;19.84
0.710;;;;4.39;-2.89;22.25
0.715;;;;1.66;-3.78;22.36
0.720;;;;0.55;-2.09;22.98
0.725;;;;0.81;-1.76;24.24
0.730;;;;0.16;2.14;28.63
0.735;;;;-0.00;-1.76;22.43
0.740;;;;0.96;-0.17;22.96
0.745;;;;2.44;-0.65;24.16
0.750;;;;1.22;-1.44;28.94
0.755;;;;0.17;-1.89;24.61
0.760;;;;2.65;-0.50;24.63
0.765;;;;-0.12;-1.86;22.87
0.770;;;;2.82;-3.34;24.28
0.775;;;;1.46;-0.14;22.32
0.780;;;;1.29;-1.66;25.80
0.785;;;;1.33;-3.25;29.80
0.790;;;;1.39;0.03;25.18
0.795;;;;-2.37;0.16;22.69
0.800;;;;0.57;-3.80;25.40
0.805;;;;-0.10;1.10;24.30
0.810;;;;-0.64;0.64;21.96
0.815;;;;1.08;-1.59;25.37
0.820;;;;1.19;-1.43;24.41
0.825;;;;0.41;0.35;22.86
0.830;;;;0.71;-0.68;22.13
0.835;;;;0.82;-4.15;27.17
0.840;;;;2.51;-3.10;28.75
0.845;;;;-0.16;-1.43;26.26
0.850;;;;1.32;-2.84;29.76
0.855;;;;-3.23;0.74;23.67
0.860;;;;0.66;-2.60;23.26
0.865;;;;1.69;-2.21;24.88
0.870;;;;-1.51;-2.30;25.06
0.875;;;;-0.27;-1.34;26.72
0.880;;;;3.14;0.23;27.29
0.885;;;;0.85;-3.14;26.43
0.890;;;;5.68;-0.46;31.78
0.895;;;;0.12;-2.32;26.52
0.900;;;;0.64;2.07;28.60
0.905;;;;2.11;-1.87;28.69
0.910;;;;1.71;-0.84;27.87
0.915;;;;3.08;-1.67;29.83
0.920;;;;2.41;-2.91;28.90
0.925;;;;3.23;-4.74;31.15
0.930;;;;2.17;-2.52;33.39
0.935;;;;2.79;-0.58;34.43
0.940;;;;-0.23;-0.72;29.45
0.945;;;;3.41;-0.44;30.20
0.950;;;;-0.58;0.99;30.12
0.955;;;;0.96;-1.03;29.91
0.960;;;;2.30;-0.74;30.85
0.965;;;;1.18;-3.04;32.45
0.970;;;;0.19;0.45;29.08
0.975;;;;0.31;-2.56;31.57
0.980;;;;3.76;-1.38;34.99
0.985;;;;0.18;-0.88;31.31
0.990;;;;0.33;-2.88;27.56
0.995;;;;-0.56;0.54;29.18
1.000;;;;1.06;0.37;28.96
1.005;;;;-0.52;-2.18;30.60
1.010;;;;0.77;-1.65;32.06
1.015;;;;0.59;-0.38;30.24
1.020;;;;-1.39;-1.80;28.49
1.025;;;;-0.94;-0.21;31.77
1.030;;;;2.39;-1.38;31.10
1.035;;;;-0.03;1.49;29.74
1.040;;;;0.96;-1.59;33.11
1.045;;;;2.79;0.34;37.43
1.050;;;;3.62;-0.61;37.87
1.055;;;;1.48;-1.70;36.56
1.060;;;;-0.03;0.02;36.72
1.065;;;;1.73;-1.73;36.60
1.070;;;;3.24;-2.87;37.20
1.075;;;;0.13;-1.68;34.32
1.080;;;;2.61;0.20;34.02
1.085;;;;2.86;-2.49;34.16
1.090;;;;-1.66;-0.86;31.91
1.095;;;;1.11;0.34;32.17
1.100;;;;3.33;-3.21;37.02
1.105;;;;1.89;0.85;35.53
1.110;;;;-2.90;-1.95;35.54
1.115;;;;-0.63;1.12;33.67
1.120;;;;1.12;1.30;32.91
1.125;;;;1.07;-1.15;32.21
1.130;;;;4.07;0.64;34.10
1.135;;;;0.72;-1.53;38.43
1.140;;;;1.03;-1.31;36.71
1.145;;;;-0.60;-1.87;36.23
1.150;;;;1.74;-4.41;40.33
1.155;;;;2.89;-1.47;38.65
1.160;;;;0.69;-2.32;38.14
1.165;;;;2.01;1.37;35.88
1.170;;;;1.66;-0.28;35.91
1.175;;;;-0.69;-0.41;34.90
1.180;;;;-0.35;1.26;34.07
1.185;;;;3.70;1.03;40.56
1.190;;;;3.08;-0.52;39.38
1.195;;;;-0.23;-0.24;32.91
1.200;;;;-0.91;-1.14;35.07
1.205;;;;0.33;-3.05;37.09
1.210;;;;-0.45;-1.99;36.76
1.215;;;;-0.57;-2.21;36.73
1.220;;;;0.88;-1.13;38.49
1.225;;;;-0.60;-1.42;37.80
1.230;;;;1.30;-1.61;38.36
1.235;;;;2.89;-0.84;38.32
1.240;;;;2.29;0.24;41.14
1.245;;;;1.35;-2.69;40.40
1.250;;;;3.95;-0.64;42.37
1.255;;;;-0.92;-3.62;40.03
1.260;;;;-1.12;-2.29;36.98
1.265;;;;3.70;-4.21;40.33
1.270;;;;0.35;-3.40;35.60
1.275;;;;2.75;-0.50;38.24
1.280;;;;0.03;-3.24;42.67
1.285;;;;1.88;-1.96;40.66
1.290;;;;0.38;-0.15;41.11
1.295;;;;0.86;0.13;40.31
1.300;;;;0.83;0.10;38.85
1.305;;;;2.31;-3.51;44.43
1.310;;;;-0.70;-2.35;42.88
1.315;;;;-1.89;0.17;40.00
1.320;;;;2.35;-2.74;44.28
1.325;;;;1.64;-0.32;38.43
1.330;;;;0.07;-0.01;37.91
1.335;;;;1.04;-0.17;38.25
1.340;;;;-0.18;-0.89;41.93
1.345;;;;-0.64;-2.07;42.48
1.350;;;;1.33;2.16;38.30
1.355;;;;-0.89;0.37;41.34
1.360;;;;-1.38;-1.16;40.37
1.365;;;;-2.92;-1.12;38.05
1.370;;;;3.27;-0.90;44.08
1.375;;;;-0.70;-2.14;40.90
1.380;;;;1.87;2.90;42.10
1.385;;;;6.09;-1.35;46.55
1.390;;;;0.85;-2.22;46.60
1.395;;;;-1.19;-0.11;43.76
1.400;;;;1.46;-3.51;47.83
1.405;;;;2.38;-1.60;48.02
1.410;;;;-1.63;1.37;42.09
1.415;;;;1.54;0.35;45.93
1.420;;;;0.04;-3.45;47.79
1.425;;;;-1.21;0.89;43.98
1.430;;;;1.67;-1.04;44.72
1.435;;;;1.42;-6.15;47.93
1.440;;;;5.52;-1.14;46.61
1.445;;;;1.68;2.26;42.58
1.450;;;;1.38;-0.76;44.28
1.455;;;;1.09;1.78;42.08
1.460;;;;-2.66;0.52;43.53
1.465;;;;2.10;-2.59;46.45
1.470;;;;2.97;-2.97;46.57
1.475;;;;-2.02;-0.73;42.36
1.480;;;;0.94;0.97;47.01
1.485;;;;2.24;-1.76;47.85
1.490;;;;1.75;-1.90;48.82
1.495;;;;0.35;1.37;42.77
1.500;;;;0.13;0.58;44.75
1.505;;;;1.31;-2.15;49.32
1.510;;;;1.01;-4.17;46.43
1.515;;;;2.80;-0.82;47.85
1.520;;;;-1.89;-3.09;45.99
1.525;;;;2.66;0.07;46.63
1.530;;;;-0.66;1.19;43.13
1.535;;;;1.18;1.58;43.90
1.540;;;;-0.13;-1.14;46.56
1.545;;;;1.65;-2.42;49.92
1.550;;;;3.25;-3.13;53.77
1.555;;;;-0.39;-0.92;50.58
1.560;;;;0.07;-3.71;51.83
1.565;;;;2.05;2.09;47.11
1.570;;;;0.69;-2.29;48.14
1.575;;;;1.01;-2.60;48.85
1.580;;;;0.29;-0.69;43.94
1.585;;;;1.43;-2.76;51.30
1.590;;;;4.12;-1.57;51.39
1.595;;;;-0.10;0.28;46.76
1.600;;;;-1.42;0.93;47.19
1.605;;;;2.65;-2.96;53.92
1.610;;;;-0.03;-1.00;50.37
1.615;;;;1.92;1.80;48.85
1.620;;;;0.39;-2.82;49.58
1.625;;;;0.31;-1.78;50.15
1.630;;;;-0.67;-0.75;50.27
1.635;;;;1.16;-1.48;52.79
1.640;;;;1.89;-0.21;48.51
1.645;;;;-0.07;-3.20;49.01
1.650;;;;-0.99;-0.89;49.06
1.655;;;;2.43;0.86;51.61
1.660;;;;-0.20;2.07;49.13
1.665;;;;-1.56;-1.24;47.31
1.670;;;;1.57;-1.92;48.83
1.675;;;;1.38;-0.20;54.29
1.680;;;;0.02;-1.33;54.89
1.685;;;;0.10;0.92;49.64
1.690;;;;1.93;-2.42;51.52
1.695;;;;-2.46;-1.18;50.58
1.700;;;;1.38;-2.49;54.87
1.705;;;;2.40;-0.73;54.41
1.710;;;;0.63;1.16;49.90
1.715;;;;0.55;0.04;50.04
1.720;;;;1.38;-0.38;53.04
1.725;;;;-1.78;3.14;45.48
1.730;;;;-1.00;-0.93;53.00
1.735;;;;-0.89;-1.46;54.13
1.740;;;;1.41;-0.73;55.40
1.745;;;;-0.81;1.24;55.25
1.750;;;;1.94;-1.86;54.15
1.755;;;;2.03;0.11;55.34
1.760;;;;1.07;-0.72;55.01
1.765;;;;1.99;-1.35;55.65
1.770;;;;-1.77;0.68;51.33
1.775;;;;-2.96;-0.80;52.66
1.780;;;;1.12;-0.43;51.97
1.785;;;;2.16;-1.26;52.15
1.790;;;;3.31;-0.70;55.38
1.795;;;;0.61;0.20;54.32
1.800;;;;-1.04;0.22;50.22
1.805;;;;0.88;-1.96;55.59
1.810;;;;2.53;-1.38;57.51
1.815;;;;-0.70;-0.52;53.85
1.820;;;;2.29;-4.49;58.01
1.825;;;;1.16;0.72;55.10
1.830;;;;0.54;0.10;52.65
1.835;;;;0.24;-1.78;55.54
1.840;;;;-0.99;4.39;50.53
1.845;;;;-1.51;0.17;51.52
1.850;;;;1.66;-3.80;55.95
1.855;;;;-1.34;0.44;53.67
1.860;;;;-0.98;-0.28;56.37
1.865;;;;-2.70;1.29;55.37
1.870;;;;-2.62;-0.02;54.78
1.875;;;;1.34;-3.63;58.53
1.880;;;;3.38;-4.24;64.12
1.885;;;;-2.31;0.07;56.47
1.890;;;;0.37;-0.38;55.76
1.895;;;;1.03;-2.40;58.79
1.900;;;;2.33;-0.73;59.71
1.905;;;;3.06;-3.39;61.90
1.910;;;;1.92;-5.10;63.02
1.915;;;;5.40;-2.35;63.29
1.920;;;;1.70;-0.76;60.17
1.925;;;;-0.67;-0.98;61.06
1.930;;;;1.00;-1.13;56.84
1.935;;;;2.73;0.20;58.33
1.940;;;;3.24;-2.81;63.08
1.945;;;;1.59;0.25;59.48
1.950;;;;1.77;-0.44;62.43
1.955;;;;-0.13;-1.17;61.25
1.960;;;;-2.15;2.63;54.46
1.965;;;;1.53;-0.31;59.97
1.970;;;;1.45;-1.48;62.33
1.975;;;;1.78;-2.29;61.86
1.980;;;;0.10;-2.44;65.71
1.985;;;;-0.88;-3.02;61.80
1.990;;;;2.79;-0.73;62.18
1.995;;;;2.40;-5.24;65.26
2.000;;;;3.77;-2.60;63.41
2.005;;;;-1.58;-0.01;59.57
2.010;;;;-2.17;-1.27;59.05
2.015;;;;-2.00;0.95;60.26
2.020;;;;-0.20;-1.20;62.56
2.025;;;;3.15;-0.80;63.04
2.030;;;;1.75;0.98;65.50
2.035;;;;1.93;0.09;62.65
2.040;;;;0.87;-1.45;65.08
2.045;;;;-0.03;-1.90;66.13
2.050;;;;-0.29;3.04;60.76
2.055;;;;3.88;1.28;59.98
2.060;;;;3.74;-3.82;67.42
2.065;;;;-0.04;1.48;62.47
2.070;;;;1.14;1.51;64.05
2.075;;;;2.99;-0.98;66.66
2.080;;;;2.04;0.80;63.57
2.085;;;;0.76;-3.79;63.74
2.090;;;;2.03;-5.80;68.32
2.095;;;;1.95;-0.87;67.01
2.100;;;;0.82;-3.35;69.47
2.105;;;;0.91;-4.78;70.07
2.110;;;;3.39;-2.65;67.31
2.115;;;;-2.81;-1.71;65.30
2.120;;;;-2.46;1.99;62.34
2.125;;;;-1.09;1.06;60.00
2.130;;;;-1.11;-2.32;61.09
2.135;;;;0.97;-3.05;65.27
2.140;;;;-1.15;-0.77;66.52
2.145;;;;0.11;0.59;63.96
2.150;;;;0.28;-0.13;63.02
2.155;;;;0.01;-0.89;62.26
2.160;;;;-0.05;1.44;64.01
2.165;;;;-0.95;0.45;63.62
2.170;;;;-0.28;-7.76;70.48
2.175;;;;0.66;-3.31;65.37
2.180;;;;2.89;-4.52;68.10
2.185;;;;-0.62;1.48;64.78
2.190;;;;-1.19;-2.57;69.94
2.195;;;;3.28;1.20;65.72
2.200;;;;0.47;1.01;67.18
2.205;;;;2.31;-2.59;67.56
2.210;;;;1.27;-3.04;67.33
2.215;;;;-0.87;-3.47;69.59
2.220;;;;1.80;-2.23;68.96
2.225;;;;-0.29;-2.98;68.87
2.230;;;;2.35;-1.59;74.09
2.235;;;;2.92;-3.17;74.07
2.240;;;;3.62;-5.68;75.10
2.245;;;;-0.25;0.52;69.36
2.250;;;;-1.95;0.84;63.89
2.255;;;;1.71;-2.38;68.18
2.260;;;;1.39;-4.05;69.30
2.265;;;;3.54;-2.83;71.45
2.270;;;;0.26;-2.82;70.34
2.275;;;;2.17;-3.38;72.10
2.280;;;;2.78;-5.35;74.40
2.285;;;;1.36;-4.68;73.90
2.290;;;;-0.77;-2.85;70.36
2.295;;;;3.25;-2.80;70.59
2.300;;;;-1.59;-2.17;72.35
2.305;;;;-0.30;-0.60;70.21
2.310;;;;1.30;-0.55;70.88
2.315;;;;4.79;-1.79;74.60
2.320;;;;-0.70;-1.22;70.42
2.325;;;;0.99;-1.95;71.26
2.330;;;;-0.46;1.69;73.03
2.335;;;;-1.15;-2.66;75.78
2.340;;;;2.45;-3.00;77.61
2.345;;;;-0.20;-2.41;76.91
2.350;;;;2.42;-3.57;76.48
2.355;;;;0.09;-3.17;76.27
2.360;;;;0.59;-0.14;75.60
2.365;;;;-0.02;-5.27;77.46
2.370;;;;0.82;-2.64;74.22
2.375;;;;-0.93;-1.40;72.91
2.380;;;;-1.05;-0.15;69.77
2.385;;;;-1.19;-0.19;70.87
2.390;;;;1.04;-3.25;72.81
2.395;;;;2.89;-2.22;72.70
2.400;;;;3.66;-2.32;73.19
2.405;;;;-0.37;-2.20;74.10
2.410;;;;2.93;1.44;72.93
2.415;;;;1.87;-1.94;77.00
2.420;;;;2.71;-3.68;74.22
2.425;;;;2.46;-0.26;74.56
2.430;;;;-0.85;-0.37;71.46
2.435;;;;-0.10;0.45;73.17
2.440;;;;2.19;-0.50;73.50
2.445;;;;0.65;-0.83;75.09
2.450;;;;2.68;-1.33;75.02
2.455;;;;5.30;-4.04;79.06
2.460;;;;-0.17;-1.00;75.65
2.465;;;;3.23;-1.14;74.49
2.470;;;;0.18;0.86;73.36
2.475;;;;-0.97;0.69;75.57
2.480;;;;2.63;1.21;75.82
2.485;;;;0.43;-1.34;81.18
2.490;;;;-0.71;-0.25;77.17
2.495;;;;1.97;-2.01;78.21
2.500;;;;1.05;1.36;74.81
2.505;;;;0.43;-3.76;77.48
2.510;;;;2.49;-5.00;82.76
2.515;;;;-0.19;-2.68;79.25
2.520;;;;3.66;-3.43;80.83
2.525;;;;1.24;0.97;77.49
2.530;;;;1.33;2.27;77.91
2.535;;;;-1.62;-2.49;80.21
2.540;;;;2.33;0.16;77.39
2.545;;;;1.41;-5.28;83.12
2.550;;;;-2.02;-1.24;81.84
2.555;;;;1.64;-2.24;82.39
2.560;;;;5.53;1.76;79.67
2.565;;;;0.48;-2.12;83.00
2.570;;;;0.04;-2.46;82.88
2.575;;;;0.91;-2.25;82.28
2.580;;;;1.94;-2.02;80.95
2.585;;;;-0.30;-2.16;82.35
2.590;;;;1.07;-0.06;82.06
2.595;;;;-0.07;2.66;79.01
2.600;;;;0.89;1.31;76.32
2.605;;;;0.41;-0.39;77.60
2.610;;;;0.27;1.44;79.25
2.615;;;;2.23;0.56;79.40
2.620;;;;0.92;0.45;81.62
2.625;;;;0.55;-0.18;80.49
2.630;;;;-0.51;-0.64;81.18
2.635;;;;0.84;-3.31;82.72
2.640;;;;1.96;-2.62;85.18
2.645;;;;-0.58;-1.80;79.76
2.650;;;;1.50;-3.17;81.45
2.655;;;;-0.24;-0.53;83.33
2.660;;;;-2.42;0.84;78.25
2.665;;;;-0.29;-1.16;81.13
2.670;;;;1.18;-1.32;82.10
2.675;;;;0.97;-0.66;83.05
2.680;;;;2.39;-0.71;81.03
2.685;;;;-1.47;2.99;79.77
2.690;;;;-0.72;-3.51;85.38
2.695;;;;-1.50;-0.93;83.63
2.700;;;;-0.71;-2.64;84.13
2.705;;;;-1.47;-0.15;82.01
2.710;;;;0.06;0.10;83.49
2.715;;;;0.24;-1.88;84.52
2.720;;;;1.94;1.60;79.30
2.725;;;;-1.13;0.14;82.63
2.730;;;;3.06;-0.71;81.50
2.735;;;;0.94;-1.71;84.15
2.740;;;;-0.21;-3.64;85.47
2.745;;;;-1.60;0.11;81.91
2.750;;;;1.90;-3.70;86.16
2.755;;;;1.26;-4.75;86.07
2.760;;;;-1.88;-0.02;87.29
2.765;;;;0.54;1.75;79.43
2.770;;;;2.94;-0.19;83.76
2.775;;;;2.39;0.20;82.48
2.780;;;;1.12;-3.39;88.52
2.785;;;;1.71;-1.05;86.61
2.790;;;;1.43;-1.52;90.50
2.795;;;;-0.35;0.91;84.34
2.800;;;;-0.66;-3.24;86.33
2.805;;;;2.60;-0.47;88.63
2.810;;;;0.37;-1.11;85.55
2.815;;;;2.61;-2.20;87.09
2.820;;;;0.35;-3.75;84.67
2.825;;;;-1.04;0.34;82.39
2.830;;;;2.77;-0.46;84.96
2.835;;;;1.39;0.90;86.57
2.840;;;;1.90;-2.69;90.48
2.845;;;;2.78;0.15;88.17
2.850;;;;-2.44;-5.00;90.79
2.855;;;;-1.14;-0.48;86.23
2.860;;;;1.30;-2.55;86.39
2.865;;;;2.21;1.67;86.34
2.870;;;;1.47;3.62;85.64
2.875;;;;4.18;-2.25;86.22
2.880;;;;1.04;-4.27;90.85
2.885;;;;2.90;1.61;89.51
2.890;;;;2.12;3.23;83.27
2.895;;;;-0.09;2.98;81.29
2.900;;;;1.85;3.60;83.05
2.905;;;;1.80;-2.71;88.25
2.910;;;;-1.72;-3.23;94.09
2.915;;;;1.94;0.09;89.78
2.920;;;;-1.04;0.96;88.57
2.925;;;;1.39;-1.75;92.03
2.930;;;;-0.06;-6.14;91.80
2.935;;;;1.06;-1.16;92.47
2.940;;;;0.12;-2.57;91.41
2.945;;;;2.03;-3.56;89.69
2.950;;;;2.39;-1.05;89.87
2.955;;;;2.48;-2.82;94.74
2.960;;;;1.93;-1.06;91.90
2.965;;;;0.49;-1.42;88.16
2.970;;;;2.61;-0.90;92.97
2.975;;;;0.99;-3.55;91.80
2.980;;;;-0.73;-1.19;94.95
2.985;;;;1.86;0.13;88.76
2.990;;;;3.45;-3.26;92.52
2.995;;;;-0.53;0.95;88.19
3.000;;;;2.67;-5.18;94.15
3.005;;;;-0.03;-2.73;91.43
3.010;;;;2.40;-0.69;93.78
3.015;;;;2.38;-4.74;95.09
3.020;;;;0.46;-3.55;92.53
3.025;;;;1.31;-0.24;90.96
3.030;;;;-1.30;-2.09;93.03
3.035;;;;2.80;0.89;94.90
3.040;;;;-2.33;-2.22;96.26
3.045;;;;2.28;0.69;90.92
3.050;;;;1.97;0.18;90.28
3.055;;;;-0.16;-3.23;95.63
3.060;;;;-0.17;-1.55;94.23
3.065;;;;-2.23;-3.51;95.01
3.070;;;;0.38;-1.26;92.76
3.075;;;;0.82;-3.75;97.76
3.080;;;;-1.96;-1.48;96.29
3.085;;;;1.78;-2.65;97.33
3.090;;;;-0.49;-3.86;96.21
3.095;;;;0.68;-0.41;96.31
3.100;;;;2.87;-3.19;94.65
3.105;;;;1.16;-1.87;92.96
3.110;;;;-0.16;-0.97;95.71
3.115;;;;3.18;-4.27;97.27
3.120;;;;2.08;1.27;93.71
3.125;;;;2.29;-1.02;94.59
3.130;;;;0.19;-2.02;94.92
3.135;;;;2.82;-1.54;94.95
3.140;;;;-0.92;-1.83;94.99
3.145;;;;3.67;-0.62;92.60
3.150;;;;0.81;-1.83;91.72
3.155;;;;2.12;0.28;92.45
3.160;;;;-1.09;1.18;93.82
3.165;;;;-0.71;1.32;96.38
3.170;;;;-0.32;-4.35;102.09
3.175;;;;-1.25;-1.63;97.66
3.180;;;;1.12;0.23;96.13
3.185;;;;-2.95;-2.92;102.47
3.190;;;;-0.39;-1.46;100.09
3.195;;;;-0.69;-1.19;101.27
3.200;;;;4.76;-3.14;98.68
3.205;;;;-1.50;-1.42;99.54
3.210;;;;4.01;-0.65;99.84
3.215;;;;1.01;0.15;97.11
3.220;;;;1.58;-1.31;99.18
3.225;;;;0.24;-3.76;102.36
3.230;;;;1.76;0.76;95.71
3.235;;;;-0.41;-0.01;100.55
3.240;;;;-0.11;0.27;98.34
3.245;;;;-0.22;-2.26;98.36
3.250;;;;-1.34;1.27;97.43
3.255;;;;1.07;1.92;95.84
3.260;;;;-0.63;-0.54;98.75
3.265;;;;1.10;-1.73;96.09
3.270;;;;-0.86;-1.75;99.31
3.275;;;;1.44;-3.61;100.95
3.280;;;;2.83;0.89;97.57
3.285;;;;1.91;1.29;99.31
3.290;;;;-1.06;1.12;95.31
3.295;;;;3.04;4.28;91.70
3.300;;;;4.79;0.93;95.25
3.305;;;;-1.87;-0.54;100.21
3.310;;;;-0.26;-2.72;104.18
3.315;;;;1.56;-0.27;101.40
3.320;;;;1.42;-2.09;99.71
3.325;;;;1.69;-1.27;99.58
3.330;;;;0.15;2.56;101.22
3.335;;;;-0.62;1.49;98.42
3.340;;;;1.38;-3.71;99.39
3.345;;;;-1.10;-0.31;98.91
3.350;;;;-0.47;-1.87;100.18
3.355;;;;1.04;-1.17;98.33
3.360;;;;3.11;-0.52;100.16
3.365;;;;-2.07;0.31;104.22
3.370;;;;2.54;0.90;100.65
3.375;;;;1.39;-0.71;99.35
3.380;;;;2.46;2.56;100.29
3.385;;;;2.75;0.76;100.42
3.390;;;;1.42;-3.56;103.05
3.395;;;;-0.09;2.47;100.82
3.400;;;;3.26;-0.97;102.69
3.405;;;;2.18;-1.46;102.74
3.410;;;;0.69;0.46;100.86
3.415;;;;1.11;-2.52;102.35
3.420;;;;1.24;-1.94;102.33
3.425;;;;-1.32;1.67;102.18
3.430;;;;0.85;-2.60;101.16
3.435;;;;1.02;1.15;102.41
3.440;;;;2.04;2.89;102.23
3.445;;;;0.64;1.26;102.56
3.450;;;;1.21;-1.28;105.86
3.455;;;;-2.58;-1.59;107.85
3.460;;;;-1.29;-1.52;104.28
3.465;;;;-2.84;-4.87;108.63
3.470;;;;1.66;-2.26;108.74
3.475;;;;-2.40;0.32;107.35
3.480;;;;1.67;-1.21;103.76
3.485;;;;-2.01;-2.69;106.71
3.490;;;;-1.76;0.62;103.04
3.495;;;;2.05;-2.18;106.23
3.500;;;;2.16;-2.49;109.20
3.505;;;;-2.25;-3.84;109.35
3.510;;;;0.21;-3.50;109.63
3.515;;;;2.23;-4.17;106.53
3.520;;;;1.33;1.36;103.72
3.525;;;;3.80;-2.02;102.05
3.530;;;;0.56;-2.32;107.53
3.535;;;;1.91;-1.92;108.78
3.540;;;;2.03;-1.08;107.22
3.545;;;;1.58;-0.09;106.69
3.550;;;;-1.75;0.57;105.17
3.555;;;;3.61;3.42;102.88
3.560;;;;1.97;-2.26;111.04
3.565;;;;-2.68;-0.89;108.89
3.570;;;;1.85;-2.74;105.98
3.575;;;;1.26;0.78;105.71
3.580;;;;2.94;-0.66;107.76
3.585;;;;1.40;-3.10;111.05
3.590;;;;2.33;0.13;107.88
3.595;;;;1.01;-2.66;108.36
3.600;;;;-1.10;-1.78;109.72
3.605;;;;-0.12;-2.30;109.30
3.610;;;;0.74;-1.35;109.29
3.615;;;;-0.27;-1.08;109.10
3.620;;;;0.94;-2.48;111.39
3.625;;;;2.80;0.50;107.77
3.630;;;;-0.83;0.32;112.00
3.635;;;;2.18;-4.46;113.76
3.640;;;;1.31;1.83;106.51
3.645;;;;-0.18;-0.70;109.98
3.650;;;;0.43;-3.17;111.64
3.655;;;;0.92;-1.10;112.76
3.660;;;;1.74;-0.45;109.11
3.665;;;;-1.67;-3.34;114.18
3.670;;;;-1.85;-2.92;113.53
3.675;;;;-1.43;-3.19;115.99
3.680;;;;0.06;-0.23;114.12
3.685;;;;3.16;-0.41;111.13
3.690;;;;-2.55;-0.69;112.97
3.695;;;;0.99;-5.12;116.28
3.700;;;;-0.41;0.67;113.36
3.705;;;;0.18;-5.85;114.13
3.710;;;;2.94;1.68;110.57
3.715;;;;2.26;-2.76;112.93
3.720;;;;0.44;-0.38;112.38
3.725;;;;1.49;0.28;112.28
3.730;;;;2.01;-1.34;112.31
3.735;;;;1.22;-1.59;110.40
3.740;;;;-0.85;0.03;113.64
3.745;;;;0.62;-0.85;114.70
3.750;;;;0.25;-4.97;115.46
3.755;;;;2.64;0.69;114.49
3.760;;;;1.28;-1.83;115.77
3.765;;;;2.19;-0.29;108.98
3.770;;;;1.07;-2.03;113.57
3.775;;;;-0.32;-0.13;111.74
3.780;;;;1.23;0.46;111.18
3.785;;;;0.89;-2.87;114.82
3.790;;;;1.35;-1.11;114.15
3.795;;;;1.90;-1.01;115.17
3.800;;;;2.85;-1.20;113.03
3.805;;;;0.37;1.42;111.32
3.810;;;;-1.71;0.17;114.10
3.815;;;;4.02;0.40;111.73
3.820;;;;3.48;-0.00;111.93
3.825;;;;2.54;-2.36;113.32
3.830;;;;0.13;-1.48;115.68
3.835;;;;4.91;-0.30;113.63
3.840;;;;-0.07;-5.16;119.56
3.845;;;;0.86;1.21;119.15
3.850;;;;-0.37;-2.58;121.42
3.855;;;;1.32;0.10;117.64
3.860;;;;0.39;1.03;115.53
3.865;;;;4.68;-1.27;114.62
3.870;;;;1.52;-2.77;115.17
3.875;;;;-0.38;-0.89;116.25
3.880;;;;2.68;-1.05;118.62
3.885;;;;-0.15;2.48;116.18
3.890;;;;0.51;-3.53;118.17
3.895;;;;0.82;-2.46;115.47
3.900;;;;1.21;0.51;116.38
3.905;;;;0.77;-0.98;119.03
3.910;;;;1.59;-1.38;117.63
3.915;;;;-0.16;-2.23;120.36
3.920;;;;-2.53;-2.26;123.30
3.925;;;;3.66;-0.19;119.23
3.930;;;;-2.08;-3.14;119.87
3.935;;;;0.60;-3.32;119.85
3.940;;;;-0.14;-3.60;121.95
3.945;;;;0.28;-4.05;121.76
3.950;;;;0.58;-2.00;119.79
3.955;;;;0.01;0.67;117.43
3.960;;;;-1.20;-2.63;120.13
3.965;;;;1.37;-0.64;118.60
3.970;;;;-1.93;-1.58;120.90
3.975;;;;0.04;2.92;116.51
3.980;;;;3.29;-1.16;118.10
3.985;;;;0.84;-2.10;119.64
3.990;;;;-2.17;-2.46;121.89
3.995;;;;3.06;-3.14;118.90
4.000;;;;2.90;-1.36;120.77
4.005;;;;-0.68;-1.90;123.60
4.010;;;;0.07;-2.38;120.06
4.015;;;;1.43;-2.44;122.69
4.020;;;;1.20;-1.49;123.41
4.025;;;;2.16;0.07;119.66
4.030;;;;0.93;0.39;120.21
4.035;;;;1.44;-2.75;122.55
4.040;;;;-1.88;-2.05;124.08
4.045;;;;1.03;-3.43;124.76
4.050;;;;-0.58;-3.86;125.39
4.055;;;;1.02;2.34;118.70
4.060;;;;1.99;0.40;121.60
4.065;;;;-4.16;-0.69;124.14
4.070;;;;0.07;-2.05;127.58
4.075;;;;1.42;-1.37;123.35
4.080;;;;0.50;3.73;118.00
4.085;;;;0.07;-1.41;123.53
4.090;;;;0.43;3.32;122.25
4.095;;;;1.19;0.95;120.03
4.100;;;;3.08;-0.18;122.77
4.105;;;;-0.43;-3.23;127.35
4.110;;;;1.10;-3.39;126.18
4.115;;;;0.27;-4.98;130.02
4.120;;;;0.87;-3.05;128.60
4.125;;;;-0.14;0.74;126.99
4.130;;;;-1.58;0.76;126.76
4.135;;;;-1.38;-4.26;124.63
4.140;;;;-0.15;-0.89;128.29
4.145;;;;2.12;0.58;119.65
4.150;;;;1.54;0.24;123.31
4.155;;;;3.57;1.66;122.00
4.160;;;;3.82;-1.56;124.92
4.165;;;;0.53;-2.34;125.99
4.170;;;;0.32;-3.20;125.24
4.175;;;;2.11;-2.16;124.29
4.180;;;;0.24;0.94;125.49
4.185;;;;-1.81;-5.53;130.34
4.190;;;;1.46;-2.39;128.57
4.195;;;;0.00;-1.73;129.25
4.200;;;;-1.05;0.29;126.72
4.205;;;;-1.70;-1.40;128.75
4.210;;;;1.11;-2.97;125.41
4.215;;;;0.11;-3.36;127.08
4.220;;;;1.70;-4.02;128.68
4.225;;;;2.05;1.24;123.96
4.230;;;;1.52;0.39;125.46
4.235;;;;-0.73;1.68;126.50
4.240;;;;-0.51;-0.23;125.39
4.245;;;;0.49;-2.16;129.79
4.250;;;;1.63;-4.80;135.11
4.255;;;;0.05;-3.40;135.07
4.260;;;;-0.45;-1.86;129.58
4.265;;;;-0.48;-1.61;130.85
4.270;;;;-1.53;-2.11;129.72
4.275;;;;0.39;3.36;125.61
4.280;;;;0.27;-1.79;129.31
4.285;;;;0.16;-1.78;127.37
4.290;;;;1.96;-0.18;128.12
4.295;;;;0.66;-3.71;130.61
4.300;;;;0.79;-1.81;131.22
4.305;;;;-0.30;-1.18;129.17
4.310;;;;-3.39;-4.36;133.88
4.315;;;;2.26;-3.01;130.81
4.320;;;;1.54;-0.62;130.61
4.325;;;;1.55;-1.40;131.75
4.330;;;;3.84;0.39;130.26
4.335;;;;0.94;0.98;128.64
4.340;;;;1.25;-1.52;128.08
4.345;;;;5.19;2.32;127.50
4.350;;;;3.20;0.35;127.53
4.355;;;;2.53;-2.13;130.61
4.360;;;;-0.50;-1.59;132.04
4.365;;;;3.80;-3.70;131.98
4.370;;;;1.07;-1.63;131.43
4.375;;;;0.20;-1.67;132.94
4.380;;;;1.72;-3.24;135.40
4.385;;;;3.56;0.84;128.15
4.390;;;;0.98;0.27;129.70
4.395;;;;1.01;-2.26;132.87
4.400;;;;-1.79;-0.51;131.26
4.405;;;;1.80;-0.39;130.40
4.410;;;;-0.29;-2.04;131.27
4.415;;;;4.14;-0.44;132.89
4.420;;;;-2.13;-2.56;135.74
4.425;;;;-0.89;-2.64;135.69
4.430;;;;-0.05;-1.27;134.97
4.435;;;;0.83;-3.39;132.39
4.440;;;;-0.04;-0.45;134.90
4.445;;;;1.47;0.72;131.10
4.450;;;;-1.02;-0.11;134.23
4.455;;;;2.87;0.97;131.03
4.460;;;;-0.98;-1.39;135.97
4.465;;;;-0.19;-0.37;134.92
4.470;;;;-1.13;0.10;135.66
4.475;;;;-0.99;-1.69;136.95
4.480;;;;0.45;0.49;131.61
4.485;;;;4.38;-0.87;131.79
4.490;;;;1.36;-0.64;133.20
4.495;;;;-0.89;-0.56;135.07
4.500;;;;0.62;-1.69;133.99
4.505;;;;3.12;0.15;135.21
4.510;;;;3.42;-1.54;135.16
4.515;;;;1.76;-1.00;138.10
4.520;;;;-0.73;0.14;137.53
4.525;;;;-0.65;-1.46;135.74
4.530;;;;0.04;-1.82;136.11
4.535;;;;-0.72;0.01;134.77
4.540;;;;2.24;2.32;131.48
4.545;;;;2.45;1.62;131.93
4.550;;;;-0.95;-3.60;133.17
4.555;;;;3.89;-0.76;135.28
4.560;;;;0.16;1.04;136.18
4.565;;;;0.31;-0.96;137.24
4.570;;;;-0.27;0.37;136.13
4.575;;;;3.61;0.98;133.24
4.580;;;;4.64;0.21;131.63
4.585;;;;2.25;-0.78;137.18
4.590;;;;2.80;0.62;136.04
4.595;;;;-2.37;-0.94;140.44
4.600;;;;2.67;1.58;133.64
4.605;;;;2.09;-0.42;135.79
4.610;;;;1.60;-1.19;138.09
4.615;;;;-1.59;-0.77;138.80
4.620;;;;-0.25;-0.45;140.49
4.625;;;;2.49;-2.40;143.09
4.630;;;;-0.40;0.10;138.36
4.635;;;;-0.73;-0.22;144.96
4.640;;;;-0.37;0.36;140.61
4.645;;;;4.53;-0.61;134.96
4.650;;;;-0.05;0.80;135.85
4.655;;;;0.90;-2.74;139.24
4.660;;;;1.33;-0.47;139.05
4.665;;;;-0.48;-0.29;142.37
4.670;;;;1.01;-3.49;144.51
4.675;;;;0.64;-0.16;141.84
4.680;;;;-1.04;-0.00;142.37
4.685;;;;3.82;1.11;139.23
4.690;;;;2.11;1.00;138.87
4.695;;;;3.27;-1.45;138.98
4.700;;;;-1.02;-1.94;143.40
4.705;;;;-0.50;0.63;140.84
4.710;;;;0.13;-2.14;140.95
4.715;;;;0.30;-2.37;141.06
4.720;;;;2.11;1.59;140.53
4.725;;;;5.10;-0.77;139.48
4.730;;;;1.14;-0.23;140.73
4.735;;;;2.21;0.80;142.88
4.740;;;;0.31;1.10;140.07
4.745;;;;-0.06;1.60;138.59
4.750;;;;-1.30;-1.44;141.56
4.755;;;;-1.38;0.81;143.94
4.760;;;;-1.02;0.13;139.90
4.765;;;;0.61;-0.16;141.88
4.770;;;;-1.51;0.16;147.08
4.775;;;;1.21;-0.76;142.64
4.780;;;;-0.18;0.43;141.93
4.785;;;;3.79;-0.49;144.05
4.790;;;;1.21;-1.63;146.02
4.795;;;;0.41;-3.84;145.63
4.800;;;;-0.73;-0.93;147.35
4.805;;;;0.88;1.56;142.63
4.810;;;;1.40;1.85;142.58
4.815;;;;1.04;-0.54;144.68
4.820;;;;2.95;-4.17;143.68
4.825;;;;1.97;-1.05;143.75
4.830;;;;-0.62;0.07;145.73
4.835;;;;1.87;-1.24;146.28
4.840;;;;3.97;2.20;143.27
4.845;;;;1.82;2.05;143.67
4.850;;;;1.59;-0.04;144.94
4.855;;;;2.74;-0.44;143.98
4.860;;;;0.90;-2.77;145.49
4.865;;;;-1.39;-1.20;147.09
4.870;;;;1.21;-1.16;143.32
4.875;;;;0.62;-1.82;147.41
4.880;;;;-1.76;-2.51;150.22
4.885;;;;-0.45;-3.41;146.72
4.890;;;;3.45;1.61;146.45
4.895;;;;-0.87;-0.20;145.95
4.900;;;;3.34;2.27;140.89
4.905;;;;0.02;-2.44;149.43
4.910;;;;1.09;-2.48;147.55
4.915;;;;0.92;-0.91;144.91
4.920;;;;-0.75;-2.06;148.03
4.925;;;;-1.00;1.14;145.56
4.930;;;;-1.63;-1.51;151.22
4.935;;;;1.43;2.92;146.45
4.940;;;;0.73;-1.75;151.16
4.945;;;;-1.77;-1.73;148.85
4.950;;;;-2.69;-0.81;147.72
4.955;;;;-1.25;-2.13;151.78
4.960;;;;2.28;-1.97;149.02
4.965;;;;2.05;-2.33;146.55
4.970;;;;2.73;-1.09;146.65
4.975;;;;0.48;-1.53;147.52
4.980;;;;-0.32;-4.13;151.20
4.985;;;;-0.28;-1.24;153.56
4.990;;;;1.49;1.24;150.31
4.995;;;;1.83;-1.33;149.99
5.000;;;;-1.45;-3.46;151.70
5.005;;;;-0.49;-0.23;152.77
5.010;;;;-0.76;0.73;153.02
5.015;;;;-0.25;-2.74;152.27
5.020;;;;1.19;-2.68;151.07
5.025;;;;0.74;-0.04;150.90
5.030;;;;1.76;-0.38;151.99
5.035;;;;3.61;0.35;151.73
5.040;;;;1.10;1.68;147.46
5.045;;;;3.00;-1.00;147.66
5.050;;;;3.72;1.18;144.65
5.055;;;;4.75;-2.61;149.94
5.060;;;;-1.48;-2.26;154.47
5.065;;;;-3.68;-1.89;155.81
5.070;;;;1.07;-3.13;151.77
5.075;;;;-1.91;-4.23;155.84
5.080;;;;-2.14;-2.39;156.57
5.085;;;;-0.29;0.18;157.24
5.090;;;;-0.72;-0.26;155.68
5.095;;;;2.73;0.23;150.33
5.100;;;;2.38;-0.28;153.79
5.105;;;;4.35;-1.48;149.41
5.110;;;;-1.28;-0.75;151.78
5.115;;;;3.09;1.38;148.70
5.120;;;;2.65;-4.26;153.27
5.125;;;;2.34;-2.00;154.23
5.130;;;;0.93;-1.33;153.70
5.135;;;;-2.15;-1.05;157.68
5.140;;;;0.20;-1.79;155.35
5.145;;;;-2.08;-5.20;158.54
5.150;;;;-2.88;-2.04;156.43
5.155;;;;0.84;-3.12;155.16
5.160;;;;3.76;-0.67;155.21
5.165;;;;-0.03;-1.26;158.70
5.170;;;;0.13;-2.22;155.96
5.175;;;;-2.31;-2.49;159.15
5.180;;;;0.40;-0.56;155.20
5.185;;;;5.16;-4.50;154.17
5.190;;;;0.92;-2.03;158.54
5.195;;;;-0.29;1.01;155.48
5.200;;;;0.42;-0.77;156.84
5.205;;;;1.49;-1.07;154.55
5.210;;;;2.46;0.22;151.55
5.215;;;;-0.19;-2.61;153.55
5.220;;;;2.94;0.72;154.79
5.225;;;;1.87;-2.56;154.70
5.230;;;;1.53;-2.12;156.79
5.235;;;;5.20;-2.93;154.93
5.240;;;;1.10;-2.54;155.85
5.245;;;;0.48;2.91;156.32
5.250;;;;-0.62;1.60;155.81
5.255;;;;0.55;-2.24;156.67
5.260;;;;-2.93;-0.70;162.41
5.265;;;;1.32;1.71;159.24
5.270;;;;6.77;4.61;151.31
5.275;;;;4.28;0.34;156.40
5.280;;;;0.84;1.05;157.13
5.285;;;;-0.02;1.42;156.44
5.290;;;;-1.09;-3.15;160.23
5.295;;;;0.63;0.94;159.90
5.300;;;;-0.23;-1.96;158.70
5.305;;;;1.80;-1.89;158.39
5.310;;;;-0.37;-1.80;159.48
5.315;;;;0.45;-1.99;160.21
5.320;;;;-1.10;-4.18;162.29
5.325;;;;-0.55;1.71;160.52
5.330;;;;0.69;-3.10;163.59
5.335;;;;0.40;0.26;163.26
5.340;;;;-0.87;0.92;160.99
5.345;;;;0.03;0.46;161.34
5.350;;;;2.47;0.35;160.95
5.355;;;;0.49;-1.69;161.86
5.360;;;;1.95;-0.20;162.50
5.365;;;;0.25;0.25;161.12
5.370;;;;1.84;-1.03;159.35
5.375;;;;1.80;0.17;159.94
5.380;;;;2.86;-0.98;158.66
5.385;;;;-0.43;0.39;161.75
5.390;;;;0.25;-3.18;161.19
5.395;;;;0.74;-2.96;163.16
5.400;;;;0.56;-2.73;164.63
5.405;;;;-1.19;-5.53;164.80
5.410;;;;-2.86;-4.40;168.71
5.415;;;;0.06;-2.88;165.43
5.420;;;;2.64;-2.21;163.55
5.425;;;;-0.51;-1.97;165.30
5.430;;;;0.55;-0.45;163.56
5.435;;;;1.62;0.04;161.57
5.440;;;;-0.98;0.76;162.26
5.445;;;;-0.34;1.89;162.51
5.450;;;;1.66;0.71;162.05
5.455;;;;2.27;-0.55;163.29
5.460;;;;2.44;1.30;161.05
5.465;;;;1.55;0.96;159.91
5.470;;;;-2.20;2.41;163.22
5.475;;;;0.90;0.60;164.11
5.480;;;;1.07;0.15;162.37
5.485;;;;-0.12;-0.87;161.98
5.490;;;;0.69;1.55;163.86
5.495;;;;4.91;-0.55;161.22
5.500;;;;0.28;-3.06;163.91
5.505;;;;2.93;2.18;164.15
5.510;;;;0.98;-1.26;162.05
5.515;;;;1.28;-0.40;166.24
5.520;;;;3.69;-0.81;163.94
5.525;;;;2.44;1.53;162.83
5.530;;;;3.22;2.78;161.21
5.535;;;;2.62;-3.70;166.19
5.540;;;;1.60;-1.43;166.56
5.545;;;;2.05;-1.99;165.41
5.550;;;;4.67;1.40;162.63
5.555;;;;2.62;-0.28;164.11
5.560;;;;0.13;-1.13;168.47
5.565;;;;2.97;0.17;165.38
5.570;;;;0.88;-2.07;165.92
5.575;;;;3.89;-2.51;165.79
5.580;;;;-1.72;-0.38;166.89
5.585;;;;-1.69;-0.64;170.94
5.590;;;;3.45;-0.68;164.55
5.595;;;;4.50;-2.01;160.56
5.600;;;;3.28;-0.33;163.15
5.605;;;;-0.99;-0.02;168.69
5.610;;;;3.51;-2.83;166.47
5.615;;;;2.77;0.51;166.05
5.620;;;;3.73;0.72;164.66
5.625;;;;1.21;0.99;165.39
5.630;;;;-0.48;0.25;167.31
5.635;;;;-0.82;1.93;167.45
5.640;;;;-0.02;0.37;168.46
5.645;;;;-0.30;-2.57;169.93
5.650;;;;-0.24;-2.07;168.95
5.655;;;;1.51;1.38;165.16
5.660;;;;-0.32;-2.46;168.35
5.665;;;;-2.06;0.07;169.70
5.670;;;;-0.22;-1.46;170.77
5.675;;;;-0.42;-3.58;170.78
5.680;;;;-1.69;1.02;173.15
5.685;;;;0.25;-0.10;169.39
5.690;;;;2.74;-1.53;168.65
5.695;;;;0.38;1.02;172.09
5.700;;;;0.86;3.04;168.17
5.705;;;;-2.38;-2.83;174.65
5.710;;;;2.32;-1.57;169.78
5.715;;;;2.94;-1.59;171.18
5.720;;;;2.31;-4.34;166.93
5.725;;;;-0.94;-2.20;174.21
5.730;;;;1.93;-0.98;174.07
5.735;;;;1.54;-3.94;170.24
5.740;;;;2.71;0.70;168.05
5.745;;;;0.30;-1.78;174.05
5.750;;;;1.12;1.25;171.51
5.755;;;;-2.42;-1.80;175.78
5.760;;;;1.33;-1.57;170.00
5.765;;;;-0.08;-0.46;172.08
5.770;;;;1.42;-3.50;175.95
5.775;;;;3.37;-2.35;169.37
5.780;;;;4.21;-0.70;168.25
5.785;;;;4.38;0.01;170.45
5.790;;;;0.22;-2.82;172.49
5.795;;;;-0.06;-1.91;174.43
5.800;;;;-0.50;-1.89;174.59
5.805;;;;-0.52;-0.06;171.89
5.810;;;;-1.15;-1.67;176.86
5.815;;;;0.92;-3.02;175.11
5.820;;;;-2.16;0.97;175.32
5.825;;;;0.87;-0.90;172.08
5.830;;;;0.65;-0.07;173.22
5.835;;;;-1.26;-0.56;177.86
5.840;;;;-2.57;-0.43;-179.40
5.845;;;;-2.53;-2.57;-178.79
5.850;;;;0.82;-0.77;175.17
5.855;;;;-1.19;-1.63;178.16
5.860;;;;1.66;0.02;173.18
5.865;;;;2.56;-0.16;173.06
5.870;;;;-0.43;-2.10;175.97
5.875;;;;0.47;-2.88;176.14
5.880;;;;1.74;-0.47;174.55
5.885;;;;3.55;-0.26;173.37
5.890;;;;-0.40;0.76;173.91
5.895;;;;-1.81;1.14;176.77
5.900;;;;0.19;0.58;178.75
5.905;;;;1.90;-3.39;173.13
5.910;;;;-0.64;-5.55;177.34
5.915;;;;0.50;-0.47;177.11
5.920;;;;2.84;-0.16;172.20
5.925;;;;1.35;0.66;174.08
5.930;;;;-1.06;0.64;178.10
5.935;;;;2.58;-1.41;177.03
5.940;;;;0.89;-0.55;177.60
5.945;;;;-0.57;1.63;179.11
5.950;;;;-0.44;0.49;179.70
5.955;;;;0.49;-2.99;179.59
5.960;;;;1.22;-2.37;179.34
5.965;;;;2.14;-4.12;177.32
5.970;;;;1.66;-0.54;179.05
5.975;;;;1.53;-0.47;172.67
5.980;;;;2.47;0.40;177.50
5.985;;;;-0.37;-1.64;-178.50
5.990;;;;-1.49;-2.14;-177.01
5.995;;;;0.28;-3.22;177.29
6.000;;;;0.56;-1.29;178.44
6.005;;;;1.45;-0.87;176.71
6.010;;;;1.16;-0.03;-178.96
6.015;;;;2.62;-0.16;176.08
6.020;;;;-0.16;-1.05;-179.20
6.025;;;;0.13;-1.52;178.17
6.030;;;;2.46;-4.03;-179.54
6.035;;;;1.55;-0.44;179.04
6.040;;;;-1.09;1.75;-178.00
6.045;;;;-1.63;-0.64;-178.95
6.050;;;;-0.62;0.91;-176.28
6.055;;;;-3.34;-1.29;-174.72
6.060;;;;0.61;-0.05;-179.68
6.065;;;;4.28;2.18;174.83
6.070;;;;2.06;2.75;178.54
6.075;;;;-0.94;-1.73;-179.13
6.080;;;;-1.82;-2.84;-174.70
6.085;;;;-0.24;0.35;-174.67
6.090;;;;-1.26;1.13;-174.21
6.095;;;;-1.15;0.05;-174.38
6.100;;;;1.13;-1.76;-179.54
6.105;;;;-1.56;-1.03;-177.17
6.110;;;;-0.08;-0.23;-178.16
6.115;;;;3.70;-3.62;-179.27
6.120;;;;1.95;0.36;-178.20
6.125;;;;-0.84;-2.41;-175.92
6.130;;;;-2.90;0.28;-175.63
6.135;;;;-0.84;-3.38;-174.75
6.140;;;;1.19;-1.73;-178.94
6.145;;;;-0.80;0.81;-177.05
6.150;;;;3.44;-1.29;-178.68
6.155;;;;2.36;-0.86;-177.64
6.160;;;;1.96;-1.56;-177.96
6.165;;;;1.03;0.09;-177.60
6.170;;;;1.21;-1.02;-174.71
6.175;;;;-1.90;-1.07;-173.95
6.180;;;;-0.90;-1.61;-175.66
6.185;;;;-1.36;1.41;-172.00
6.190;;;;0.39;1.16;-174.56
6.195;;;;1.79;0.09;-177.69
6.200;;;;1.76;-3.99;-178.97
6.205;;;;1.37;0.22;-175.06
6.210;;;;1.47;-1.00;-176.81
6.215;;;;1.24;-1.59;-173.81
6.220;;;;0.61;1.04;-171.98
6.225;;;;1.84;0.58;-172.69
6.230;;;;0.11;-0.56;-171.70
6.235;;;;-0.77;-0.02;-170.61
6.240;;;;1.36;-2.24;-170.04
6.245;;;;1.47;1.36;-172.35
6.250;;;;2.00;1.34;-170.32
6.255;;;;0.84;0.93;-172.21
6.260;;;;-1.24;-1.94;-171.93
6.265;;;;-0.93;-0.69;-175.44
6.270;;;;-1.00;-1.63;-172.50
6.275;;;;-1.09;-1.79;-169.88
6.280;;;;1.81;0.70;-174.58
6.285;;;;2.52;-1.01;-174.04
6.290;;;;-3.66;0.40;-170.13
6.295;;;;-0.34;1.38;-167.79
6.300;;;;1.35;-2.85;-174.29
6.305;;;;0.51;-1.35;-170.32
6.310;;;;3.84;-0.82;-172.25
6.315;;;;1.42;-1.44;-172.26
6.320;;;;0.57;-1.98;-170.40
6.325;;;;0.53;-2.05;-173.99
6.330;;;;1.47;-0.41;-174.60
6.335;;;;4.10;2.52;-174.04
6.340;;;;3.32;-0.72;-175.65
6.345;;;;3.25;-0.66;-172.40
6.350;;;;0.93;-1.07;-171.67
6.355;;;;1.14;-0.25;-168.97
6.360;;;;0.61;-2.49;-171.67
6.365;;;;-0.21;0.06;-170.31
6.370;;;;2.30;-2.33;-172.39
6.375;;;;3.48;-0.56;-173.62
6.380;;;;3.19;0.33;-170.94
6.385;;;;1.74;-2.21;-170.87
6.390;;;;1.59;-0.01;-169.98
6.395;;;;-0.66;0.70;-165.53
6.400;;;;3.32;-0.24;-169.49
6.405;;;;2.13;-1.39;-168.70
6.410;;;;3.03;0.14;-169.69
6.415;;;;1.68;0.41;-168.78
6.420;;;;-0.99;-0.51;-166.55
6.425;;;;1.71;1.35;-164.48
6.430;;;;5.55;-0.67;-170.45
6.435;;;;0.81;-2.70;-166.97
6.440;;;;0.80;-0.41;-169.20
6.445;;;;-0.21;-4.49;-164.37
6.450;;;;-3.91;-2.73;-163.25
6.455;;;;-0.12;-0.94;-163.06
6.460;;;;1.47;1.07;-166.71
6.465;;;;-0.04;-2.04;-165.69
6.470;;;;-0.70;0.42;-166.14
6.475;;;;-2.14;-0.37;-165.71
6.480;;;;4.80;0.23;-170.96
6.485;;;;3.20;-0.72;-169.66
6.490;;;;1.08;-3.40;-165.50
6.495;;;;0.98;-1.07;-166.61
6.500;;;;0.56;-1.28;-168.63
6.505;;;;-1.61;1.44;-162.50
6.510;;;;2.14;1.41;-162.31
6.515;;;;-0.43;0.57;-164.15
6.520;;;;1.05;-0.52;-162.90
6.525;;;;-0.69;0.03;-164.46
6.530;;;;-0.48;0.54;-163.50
6.535;;;;-1.82;-1.30;-165.54
6.540;;;;0.82;-1.33;-164.26
6.545;;;;2.08;-3.77;-168.07
6.550;;;;0.44;-1.61;-168.68
6.555;;;;3.48;-2.07;-165.99
6.560;;;;2.53;-3.20;-170.23
6.565;;;;1.07;-0.51;-164.31
6.570;;;;-1.58;-2.49;-161.70
6.575;;;;-1.18;1.66;-161.75
6.580;;;;-2.18;0.16;-159.27
6.585;;;;2.26;1.91;-163.73
6.590;;;;2.15;-0.58;-163.85
6.595;;;;0.17;-3.14;-164.16
6.600;;;;-0.14;1.27;-159.18
6.605;;;;-0.55;-2.33;-160.50
6.610;;;;-1.05;1.13;-159.71
6.615;;;;-0.33;2.27;-157.57
6.620;;;;-3.71;-0.74;-160.15
6.625;;;;2.05;-0.01;-163.00
6.630;;;;-0.40;-1.55;-162.54
6.635;;;;1.10;-1.52;-163.22
6.640;;;;2.73;-0.85;-162.89
6.645;;;;0.44;-0.60;-161.49
6.650;;;;2.19;-0.56;-161.82
6.655;;;;0.08;-3.14;-161.24
6.660;;;;-1.12;-1.86;-157.89
6.665;;;;-0.51;-2.81;-160.93
6.670;;;;1.40;0.62;-158.56
6.675;;;;1.92;0.52;-162.99
6.680;;;;2.27;-1.21;-163.47
6.685;;;;2.73;-2.28;-160.31
6.690;;;;5.08;-2.22;-165.59
6.695;;;;0.65;-1.71;-161.55
6.700;;;;5.12;-2.11;-163.68
6.705;;;;3.18;-2.40;-164.15
6.710;;;;3.16;-2.11;-159.77
6.715;;;;2.63;-1.82;-161.40
6.720;;;;0.43;-0.03;-157.34
6.725;;;;-3.55;-0.09;-157.49
6.730;;;;2.80;-1.04;-161.04
6.735;;;;4.46;-1.19;-161.86
6.740;;;;1.88;-0.73;-161.72
6.745;;;;-1.36;1.71;-158.99
6.750;;;;-2.96;0.05;-154.58
6.755;;;;-2.33;1.23;-153.19
6.760;;;;3.28;-1.13;-156.21
6.765;;;;4.46;-3.77;-162.06
6.770;;;;2.93;-1.16;-164.74
6.775;;;;-0.67;-0.74;-160.02
6.780;;;;1.14;-0.40;-159.01
6.785;;;;1.02;1.10;-158.29
6.790;;;;0.21;3.19;-156.39
6.795;;;;3.07;-1.88;-160.03
6.800;;;;0.70;-0.95;-157.56
6.805;;;;-0.46;0.97;-155.92
6.810;;;;2.36;-0.77;-159.52
6.815;;;;2.46;1.13;-158.19
6.820;;;;1.71;0.08;-157.70
6.825;;;;1.93;-1.80;-155.40
6.830;;;;2.19;0.73;-156.26
6.835;;;;2.62;-1.95;-155.41
6.840;;;;-0.18;1.35;-154.93
6.845;;;;1.02;-2.10;-157.17
6.850;;;;1.21;-3.12;-154.53
6.855;;;;0.85;-1.68;-156.95
6.860;;;;4.52;-0.29;-158.27
6.865;;;;-2.27;0.86;-154.83
6.870;;;;-1.05;0.11;-152.78
6.875;;;;1.54;-1.63;-157.33
6.880;;;;-1.63;-0.17;-154.46
6.885;;;;-0.82;-1.03;-152.15
6.890;;;;2.98;-1.95;-153.47
6.895;;;;1.66;-2.11;-154.10
6.900;;;;0.89;-2.57;-156.96
6.905;;;;1.30;-1.23;-157.28
6.910;;;;1.34;2.04;-154.72
6.915;;;;0.21;-0.66;-154.24
6.920;;;;3.72;-5.22;-156.71
6.925;;;;1.65;-3.38;-154.81
6.930;;;;3.41;0.18;-153.65
6.935;;;;0.06;-3.44;-155.10
6.940;;;;-1.70;0.44;-151.69
6.945;;;;0.87;-0.70;-154.00
6.950;;;;-0.50;-3.39;-153.81
6.955;;;;-1.79;-1.53;-152.16
6.960;;;;-0.43;0.44;-149.60
6.965;;;;-0.14;-0.60;-152.47
6.970;;;;-0.12;-3.45;-150.48
6.975;;;;1.65;3.03;-153.61
6.980;;;;3.20;-2.86;-153.73
6.985;;;;-0.07;-0.04;-152.42
6.990;;;;3.28;-1.82;-152.27
6.995;;;;0.36;-2.42;-152.69
7.000;;;;0.05;-3.80;-152.15
7.005;;;;-2.46;-4.29;-149.64
7.010;;;;2.00;-0.17;-148.71
7.015;;;;4.64;-1.57;-155.48
7.020;;;;-0.71;-1.86;-150.61
7.025;;;;0.51;-2.05;-147.92
7.030;;;;2.80;-2.61;-152.73
7.035;;;;1.47;-2.27;-151.66
7.040;;;;-0.14;0.42;-149.28
7.045;;;;-0.86;1.84;-149.61
7.050;;;;2.98;-2.70;-153.83
7.055;;;;-0.20;2.30;-147.72
7.060;;;;-0.60;0.51;-147.82
7.065;;;;1.12;0.16;-148.43
7.070;;;;1.14;-1.86;-148.73
7.075;;;;2.17;-1.59;-151.48
7.080;;;;-0.55;-1.11;-150.58
7.085;;;;1.33;1.91;-147.11
7.090;;;;3.38;-4.24;-152.09
7.095;;;;0.49;-0.58;-147.72
7.100;;;;-0.83;-1.39;-146.78
7.105;;;;2.79;-0.57;-150.74
7.110;;;;-0.99;0.57;-148.04
7.115;;;;1.24;-0.99;-148.49
7.120;;;;1.34;-2.66;-148.41
7.125;;;;1.32;-0.71;-147.37
7.130;;;;1.14;1.99;-146.72
7.135;;;;5.32;-1.00;-148.16
7.140;;;;3.19;-3.49;-150.30
7.145;;;;1.33;-2.12;-147.89
7.150;;;;-0.56;-0.69;-146.76
7.155;;;;0.62;-1.58;-148.29
7.160;;;;0.34;-2.65;-149.21
7.165;;;;3.38;-1.23;-148.22
7.170;;;;0.40;-1.68;-144.13
7.175;;;;2.10;-1.38;-144.36
7.180;;;;-0.09;1.15;-142.55
7.185;;;;1.71;0.20;-146.53
7.190;;;;0.39;-1.09;-148.08
7.195;;;;3.35;0.99;-147.81
7.200;;;;0.18;-1.18;-147.53
7.205;;;;1.19;-2.80;-145.77
7.210;;;;1.14;-2.92;-150.38
7.215;;;;2.43;-0.40;-143.12
7.220;;;;3.05;-4.49;-147.57
7.225;;;;5.53;-2.09;-148.28
7.230;;;;1.30;-1.06;-148.98
7.235;;;;-1.78;-0.09;-142.01
7.240;;;;0.70;1.79;-142.49
7.245;;;;-0.07;0.27;-141.18
7.250;;;;-0.18;-1.67;-143.28
7.255;;;;2.27;-4.25;-148.11
7.260;;;;3.43;-2.32;-146.28
7.265;;;;1.60;0.90;-146.32
7.270;;;;1.54;-2.32;-144.61
7.275;;;;2.14;-2.12;-143.11
7.280;;;;1.26;-0.66;-141.93
7.285;;;;-0.99;1.13;-140.05
7.290;;;;-1.06;1.91;-138.82
7.295;;;;-1.02;-0.92;-141.78
7.300;;;;-0.78;-1.10;-137.85
7.305;;;;1.28;-2.62;-139.83
7.310;;;;3.11;1.13;-143.09
7.315;;;;3.83;-1.21;-143.48
7.320;;;;-0.04;-2.41;-143.86
7.325;;;;2.51;-0.62;-145.25
7.330;;;;3.18;1.11;-144.05
7.335;;;;1.29;0.09;-142.21
7.340;;;;3.44;-3.63;-143.36
7.345;;;;3.55;-1.10;-143.94
7.350;;;;2.22;-1.26;-142.03
7.355;;;;0.39;-1.42;-142.55
7.360;;;;3.16;0.16;-143.15
7.365;;;;0.67;-2.65;-141.18
7.370;;;;2.57;-1.01;-143.87
7.375;;;;0.31;0.74;-140.65
7.380;;;;3.40;-3.74;-140.99
7.385;;;;0.68;-0.84;-141.37
7.390;;;;0.23;0.94;-138.01
7.395;;;;-2.42;-0.45;-133.83
7.400;;;;0.46;0.16;-135.72
7.405;;;;2.42;1.64;-134.45
7.410;;;;0.70;-0.07;-138.69
7.415;;;;-0.02;-0.17;-141.52
7.420;;;;-0.12;-4.05;-139.62
7.425;;;;0.21;-0.14;-139.16
7.430;;;;1.19;-3.37;-139.34
7.435;;;;1.18;-4.55;-138.60
7.440;;;;1.83;-1.22;-140.20
7.445;;;;3.03;3.61;-137.99
7.450;;;;-0.26;-2.54;-138.67
7.455;;;;-0.48;2.67;-135.69
7.460;;;;0.19;0.11;-138.46
7.465;;;;2.15;0.05;-137.32
7.470;;;;-1.74;0.40;-135.29
7.475;;;;0.66;-0.95;-135.30
7.480;;;;-0.38;2.57;-131.04
7.485;;;;2.28;-2.20;-136.56
7.490;;;;1.33;0.63;-137.78
7.495;;;;5.71;-1.70;-143.00
7.500;;;;1.77;0.11;-140.66
7.505;;;;0.10;3.73;-137.94
7.510;;;;1.11;-2.11;-137.88
7.515;;;;-0.08;-1.23;-134.42
7.520;;;;-0.66;1.76;-130.21
7.525;;;;0.26;0.49;-133.49
7.530;;;;0.22;2.47;-132.51
7.535;;;;0.62;-1.45;-136.53
7.540;;;;0.03;-0.63;-136.10
7.545;;;;2.87;-0.73;-136.21
7.550;;;;0.95;-1.93;-136.27
7.555;;;;3.79;-2.35;-135.28
7.560;;;;0.11;-2.66;-133.51
7.565;;;;-0.55;0.27;-136.74
7.570;;;;3.11;2.04;-139.13
7.575;;;;1.23;-0.13;-135.44
7.580;;;;-2.24;-1.99;-131.97
7.585;;;;-1.16;-1.39;-132.90
7.590;;;;1.43;-1.95;-133.92
7.595;;;;3.21;-2.08;-136.81
7.600;;;;2.11;-0.44;-134.43
7.605;;;;1.08;-0.02;-135.28
7.610;;;;3.07;-0.71;-136.64
7.615;;;;1.45;-0.55;-136.89
7.620;;;;0.71;-3.01;-135.98
7.625;;;;-0.86;0.85;-130.75
7.630;;;;0.61;-2.36;-132.55
7.635;;;;0.10;0.88;-133.94
7.640;;;;0.64;2.54;-132.74
7.645;;;;0.49;2.83;-127.06
7.650;;;;1.51;2.05;-129.28
7.655;;;;-0.17;-1.32;-129.74
7.660;;;;5.12;-2.05;-132.38
7.665;;;;1.10;-1.76;-132.89
7.670;;;;1.46;-1.78;-133.99
7.675;;;;0.93;0.67;-131.19
7.680;;;;3.44;-2.30;-135.25
7.685;;;;3.84;-1.36;-135.58
7.690;;;;-1.63;-0.34;-133.71
7.695;;;;0.78;0.31;-131.14
7.700;;;;0.62;-3.19;-128.41
7.705;;;;2.10;-0.63;-129.50
7.710;;;;4.34;-0.28;-130.44
7.715;;;;2.43;-1.78;-131.40
7.720;;;;-0.16;0.07;-128.95
7.725;;;;2.09;0.89;-128.89
7.730;;;;2.18;-2.55;-133.21
7.735;;;;0.51;-0.18;-129.23
7.740;;;;1.28;-2.81;-129.22
7.745;;;;3.05;-5.40;-133.90
7.750;;;;1.70;-3.74;-132.02
7.755;;;;3.33;-1.21;-133.86
7.760;;;;2.18;0.39;-127.76
7.765;;;;-0.67;-2.66;-130.23
7.770;;;;-0.85;-4.92;-128.79
7.775;;;;3.25;-0.80;-128.30
7.780;;;;0.91;-2.64;-129.50
7.785;;;;-0.82;-2.34;-127.66
7.790;;;;-0.79;-1.49;-128.87
7.795;;;;1.93;-0.88;-129.21
7.800;;;;1.61;-0.89;-127.41
7.805;;;;1.35;-1.64;-129.92
7.810;;;;-0.16;-0.42;-125.80
7.815;;;;1.09;-3.52;-130.80
7.820;;;;-1.17;-2.65;-129.16
7.825;;;;1.01;-0.12;-126.73
7.830;;;;-2.30;-1.84;-124.91
7.835;;;;0.61;-3.15;-124.82
7.840;;;;1.49;-0.43;-125.99
7.845;;;;-1.40;-0.11;-128.27
7.850;;;;0.96;-1.01;-123.09
7.855;;;;0.90;4.70;-122.08
7.860;;;;-1.35;4.00;-119.44
7.865;;;;2.11;0.56;-126.78
7.870;;;;2.46;-2.60;-128.61
7.875;;;;1.06;-4.52;-125.54
7.880;;;;5.91;-3.05;-131.22
7.885;;;;3.53;-1.04;-128.97
7.890;;;;2.23;-1.47;-125.40
7.895;;;;0.64;-3.19;-126.58
7.900;;;;3.28;1.17;-125.36
7.905;;;;0.84;-0.11;-120.67
7.910;;;;1.62;-3.66;-124.27
7.915;;;;2.16;-1.84;-123.48
7.920;;;;0.55;-2.81;-124.35
7.925;;;;1.37;-1.04;-123.20
7.930;;;;2.17;-2.24;-125.14
7.935;;;;2.62;-3.78;-126.14
7.940;;;;2.27;0.65;-123.55
7.945;;;;1.92;-0.94;-125.38
7.950;;;;-0.81;-4.99;-123.52
7.955;;;;2.51;-5.83;-127.87
7.960;;;;2.49;0.44;-125.59
7.965;;;;3.16;-2.68;-127.05
7.970;;;;0.51;-2.63;-127.01
7.975;;;;1.21;-1.91;-125.40
7.980;;;;1.79;-3.06;-122.90
7.985;;;;0.99;-1.22;-121.24
7.990;;;;0.95;-0.76;-118.58
7.995;;;;2.21;-0.13;-118.28
8.000;;;;2.53;-0.28;-122.54
8.005;;;;1.14;-2.02;-122.89
8.010;;;;0.90;-1.98;-123.84
8.015;;;;-1.34;-7.36;-126.43
8.020;;;;0.75;-2.82;-121.93
8.025;;;;-0.43;-4.43;-122.52
8.030;;;;0.38;-0.44;-123.10
8.035;;;;3.00;-0.47;-121.41
8.040;;;;1.73;-0.17;-117.82
8.045;;;;0.58;-1.74;-120.02
8.050;;;;2.13;-2.34;-120.49
8.055;;;;-0.83;-1.00;-119.57
8.060;;;;0.03;-1.11;-120.97
8.065;;;;0.69;-2.16;-118.59
8.070;;;;1.11;1.25;-117.62
8.075;;;;-3.42;1.13;-112.63
8.080;;;;-0.45;0.10;-117.33
8.085;;;;-0.10;-0.20;-117.94
8.090;;;;1.20;-0.89;-121.48
8.095;;;;2.49;-2.99;-121.61
8.100;;;;3.62;-1.11;-122.50
8.105;;;;2.53;2.57;-120.94
8.110;;;;3.85;0.84;-117.80
8.115;;;;-0.24;-3.09;-120.59
8.120;;;;1.86;-0.70;-117.49
8.125;;;;2.11;-2.74;-120.07
8.130;;;;0.17;1.21;-116.32
8.135;;;;-0.44;1.64;-116.75
8.140;;;;-0.47;-0.98;-118.47
8.145;;;;-2.72;-0.74;-114.98
8.150;;;;-0.46;-2.78;-115.03
8.155;;;;3.42;-0.70;-116.94
8.160;;;;2.12;-2.42;-120.57
8.165;;;;0.37;-0.30;-118.86
8.170;;;;1.55;-0.06;-117.66
8.175;;;;3.11;-3.90;-120.25
8.180;;;;1.24;-5.71;-122.66
8.185;;;;0.43;-1.27;-115.05
8.190;;;;-1.84;-0.97;-114.17
8.195;;;;-0.48;-3.41;-114.96
8.200;;;;0.52;-2.17;-115.63
8.205;;;;1.96;0.47;-118.46
8.210;;;;2.29;-4.74;-117.49
8.215;;;;1.47;0.76;-113.45
8.220;;;;0.48;-1.65;-113.64
8.225;;;;-2.04;-0.40;-109.00
8.230;;;;0.41;-3.33;-115.08
8.235;;;;-0.78;-4.23;-115.10
8.240;;;;-2.25;-0.78;-110.01
8.245;;;;1.56;0.01;-112.27
8.250;;;;1.24;-2.68;-113.45
8.255;;;;-1.61;1.27;-111.42
8.260;;;;0.84;-3.30;-116.26
8.265;;;;0.16;0.70;-112.38
8.270;;;;0.30;0.82;-113.94
8.275;;;;0.56;-3.42;-115.48
8.280;;;;-1.39;-3.06;-113.76
8.285;;;;1.34;-3.91;-118.22
8.290;;;;1.94;-2.60;-116.54
8.295;;;;1.79;-3.29;-118.47
8.300;;;;0.79;-1.93;-113.70
8.305;;;;0.52;-0.57;-110.58
8.310;;;;1.96;-1.18;-111.66
8.315;;;;-0.15;-0.96;-112.84
8.320;;;;-1.79;1.68;-112.87
8.325;;;;1.00;-0.11;-114.18
8.330;;;;0.82;-2.86;-111.99
8.335;;;;-0.03;-1.39;-113.32
8.340;;;;-1.71;-2.65;-109.74
8.345;;;;1.78;-1.60;-113.23
8.350;;;;2.89;-1.51;-110.64
8.355;;;;-0.28;0.10;-108.49
8.360;;;;0.84;-3.39;-111.51
8.365;;;;2.94;-1.07;-109.66
8.370;;;;4.77;-2.63;-112.04
8.375;;;;3.39;-3.30;-110.58
8.380;;;;3.11;-3.18;-112.39
8.385;;;;0.82;-2.08;-113.07
8.390;;;;1.25;-3.94;-112.31
8.395;;;;0.99;-1.34;-108.25
8.400;;;;0.74;-2.39;-107.89
8.405;;;;2.54;-0.83;-111.42
8.410;;;;1.36;1.82;-103.56
8.415;;;;-2.40;-3.22;-106.47
8.420;;;;2.91;2.18;-106.83
8.425;;;;-1.28;-2.17;-110.47
8.430;;;;3.12;-0.32;-110.10
8.435;;;;4.13;-2.62;-109.76
8.440;;;;-0.62;-0.45;-106.48
8.445;;;;0.26;2.29;-106.75
8.450;;;;1.97;0.60;-103.93
8.455;;;;1.61;0.30;-106.09
8.460;;;;1.11;-0.67;-103.32
8.465;;;;0.75;-3.36;-106.63
8.470;;;;0.99;-1.01;-108.41
8.475;;;;4.94;1.74;-105.97
8.480;;;;0.60;-0.27;-105.37
8.485;;;;-0.86;-0.57;-107.92
8.490;;;;1.03;-0.52;-108.55
8.495;;;;0.50;0.25;-103.75
8.500;;;;0.49;-4.29;-108.54
8.505;;;;-0.31;-1.53;-107.16
8.510;;;;1.58;0.70;-104.55
8.515;;;;3.05;-1.66;-106.95
8.520;;;;3.22;-1.82;-105.91
8.525;;;;1.30;-2.29;-107.44
8.530;;;;2.80;-0.49;-106.18
8.535;;;;-0.39;-0.82;-104.28
8.540;;;;1.48;-3.82;-107.60
8.545;;;;2.25;-5.77;-107.48
8.550;;;;0.41;-0.28;-105.76
8.555;;;;-0.53;3.40;-102.14
8.560;;;;1.30;-1.48;-103.50
8.565;;;;0.03;-0.48;-101.55
8.570;;;;0.75;1.31;-103.04
8.575;;;;0.43;-0.70;-102.90
8.580;;;;0.20;0.21;-100.77
8.585;;;;1.17;-0.79;-101.98
8.590;;;;0.26;-0.80;-103.69
8.595;;;;1.65;-1.53;-103.71
8.600;;;;0.41;-6.66;-109.33
8.605;;;;0.09;-1.91;-107.98
8.610;;;;2.73;-1.71;-105.09
8.615;;;;0.09;0.38;-100.35
8.620;;;;-1.14;0.42;-100.61
8.625;;;;2.47;0.04;-97.82
8.630;;;;0.01;-0.70;-101.69
8.635;;;;1.66;-2.04;-100.70
8.640;;;;3.44;-1.43;-104.32
8.645;;;;0.89;-0.54;-102.28
8.650;;;;4.44;-2.79;-102.70
8.655;;;;2.43;0.48;-101.17
8.660;;;;-0.40;-0.73;-98.97
8.665;;;;2.33;-1.84;-103.69
8.670;;;;4.07;-2.44;-105.91
8.675;;;;1.76;-0.49;-100.71
8.680;;;;-0.80;-0.53;-98.99
8.685;;;;-0.45;-1.52;-100.34
8.690;;;;0.19;-2.92;-101.55
8.695;;;;2.61;-4.50;-106.86
8.700;;;;0.48;-1.90;-101.08
8.705;;;;3.04;-2.65;-100.09
8.710;;;;3.52;-5.02;-108.53
8.715;;;;0.72;-5.42;-104.73
8.720;;;;3.37;-4.28;-106.28
8.725;;;;0.62;-3.39;-104.39
8.730;;;;-2.58;-1.20;-101.75
8.735;;;;-1.47;-2.22;-101.60
8.740;;;;-0.14;-3.59;-100.77
8.745;;;;-0.36;2.64;-92.80
8.750;;;;1.85;0.06;-97.35
8.755;;;;0.71;2.69;-97.17
8.760;;;;-0.36;-0.62;-97.38
8.765;;;;-2.27;-2.64;-103.14
8.770;;;;-0.35;-1.33;-97.65
8.775;;;;2.59;0.99;-93.56
8.780;;;;2.90;-2.59;-96.68
8.785;;;;-0.18;-1.40;-97.21
8.790;;;;-0.51;-1.27;-97.96
8.795;;;;-0.52;-6.28;-101.63
8.800;;;;1.29;-4.94;-102.54
8.805;;;;-0.43;-3.45;-99.57
8.810;;;;1.46;-0.15;-95.45
8.815;;;;1.39;5.48;-90.03
8.820;;;;2.31;3.91;-92.46
8.825;;;;-0.81;0.16;-98.10
8.830;;;;1.44;-1.67;-98.40
8.835;;;;0.65;-1.53;-95.59
8.840;;;;-0.48;-1.14;-95.34
8.845;;;;0.96;-1.49;-97.17
8.850;;;;-1.23;-0.16;-97.59
8.855;;;;-0.51;-1.24;-95.51
8.860;;;;-1.80;-3.43;-95.33
8.865;;;;-0.90;-0.66;-94.99
8.870;;;;-0.50;0.01;-93.54
8.875;;;;1.35;-3.39;-95.89
8.880;;;;-1.11;-1.71;-95.15
8.885;;;;-2.44;-0.05;-93.48
8.890;;;;0.27;3.84;-87.50
8.895;;;;-0.14;-0.61;-89.22
8.900;;;;1.39;-1.47;-97.18
8.905;;;;-0.82;-3.74;-96.43
8.910;;;;0.13;-6.35;-99.82
8.915;;;;0.93;-0.18;-95.11
8.920;;;;-0.32;-5.02;-94.58
8.925;;;;-0.87;-3.14;-95.15
8.930;;;;-0.17;0.78;-90.91
8.935;;;;1.49;0.69;-93.40
8.940;;;;0.77;-1.82;-95.17
8.945;;;;0.18;-3.47;-95.66
8.950;;;;0.64;-0.66;-93.48
8.955;;;;0.40;-0.48;-90.78
8.960;;;;1.41;-6.70;-97.05
8.965;;;;0.86;-0.63;-96.12
8.970;;;;-0.29;3.16;-93.77
8.975;;;;0.31;-1.95;-92.66
8.980;;;;-1.28;0.83;-93.22
8.985;;;;0.14;1.29;-92.15
8.990;;;;-0.52;-0.55;-91.17
8.995;;;;2.25;-1.05;-89.62
9.000;;;;1.85;-3.22;-95.30
9.005;;;;1.50;-2.80;-94.92
9.010;;;;1.66;-2.61;-92.19
9.015;;;;1.07;1.73;-89.94
9.020;;;;-0.23;-2.02;-92.21
9.025;;;;0.65;-4.36;-94.68
9.030;;;;2.59;-0.74;-89.12
9.035;;;;0.80;-1.09;-92.08
9.040;;;;2.20;-1.80;-93.14
9.045;;;;1.56;-4.04;-94.56
9.050;;;;1.32;-3.69;-94.07
9.055;;;;-0.04;-1.17;-91.02
9.060;;;;2.63;-2.71;-90.19
9.065;;;;0.74;-3.49;-91.64
9.070;;;;2.46;0.31;-88.74
9.075;;;;0.51;0.46;-89.62
9.080;;;;0.51;3.43;-88.21
9.085;;;;1.93;1.51;-88.90
9.090;;;;1.68;-2.49;-91.15
9.095;;;;-0.16;-0.04;-91.09
9.100;;;;1.65;0.68;-87.51
9.105;;;;1.12;0.04;-87.65
9.110;;;;-0.00;-1.26;-87.78
9.115;;;;0.43;-0.03;-84.26
9.120;;;;-0.39;-0.30;-88.01
9.125;;;;3.94;-0.50;-86.82
9.130;;;;0.75;-1.02;-86.34
9.135;;;;-0.00;-1.78;-87.39
9.140;;;;1.14;0.40;-86.77
9.145;;;;0.42;-0.01;-84.97
9.150;;;;1.12;-1.74;-88.12
9.155;;;;1.06;0.05;-85.68
9.160;;;;0.96;0.16;-85.17
9.165;;;;0.57;-1.43;-84.44
9.170;;;;0.71;1.03;-84.35
9.175;;;;1.53;-1.57;-85.77
9.180;;;;-0.07;1.05;-84.08
9.185;;;;-1.68;-2.78;-86.74
9.190;;;;0.91;1.85;-81.78
9.195;;;;-1.67;-0.07;-83.54
9.200;;;;2.28;-2.74;-89.23
9.205;;;;0.07;-2.96;-91.38
9.210;;;;-0.00;-0.51;-83.29
9.215;;;;1.32;-0.90;-80.52
9.220;;;;-0.58;-3.11;-85.19
9.225;;;;-0.52;0.24;-85.16
9.230;;;;2.52;1.75;-82.82
9.235;;;;4.14;1.34;-83.55
9.240;;;;3.22;-3.61;-83.41
9.245;;;;4.60;-2.11;-83.65
9.250;;;;2.52;-0.45;-80.19
9.255;;;;-0.29;0.48;-81.26
9.260;;;;1.04;-1.72;-81.10
9.265;;;;1.94;-2.44;-83.33
9.270;;;;1.45;-0.24;-80.52
9.275;;;;0.20;2.03;-78.36
9.280;;;;0.19;-0.85;-80.63
9.285;;;;0.60;-4.37;-84.98
9.290;;;;1.67;-2.11;-84.89
9.295;;;;0.32;-0.18;-83.72
9.300;;;;-0.97;0.25;-81.71
9.305;;;;1.41;-1.49;-79.78
9.310;;;;5.70;1.18;-77.94
9.315;;;;-1.17;-1.23;-81.84
9.320;;;;-0.14;1.66;-84.03
9.325;;;;0.98;1.16;-78.70
9.330;;;;3.38;-0.60;-78.74
9.335;;;;0.74;-3.07;-78.91
9.340;;;;-1.43;-3.50;-79.04
9.345;;;;2.18;-2.86;-80.89
9.350;;;;-1.14;-0.12;-82.28
9.355;;;;0.60;-5.88;-81.35
9.360;;;;1.21;-2.00;-80.24
9.365;;;;0.62;-2.44;-81.19
9.370;;;;-0.85;-3.07;-80.75
9.375;;;;1.21;0.37;-78.09
9.380;;;;-0.66;-0.87;-78.99
9.385;;;;1.67;1.71;-79.28
9.390;;;;-0.50;0.21;-78.79
9.395;;;;4.07;-2.96;-82.83
9.400;;;;-0.33;-1.53;-79.75
9.405;;;;0.87;-2.89;-82.76
9.410;;;;0.66;-3.31;-82.37
9.415;;;;2.10;1.10;-75.99
9.420;;;;3.51;-2.04;-76.63
9.425;;;;3.07;-0.64;-78.85
9.430;;;;-0.19;-1.47;-81.16
9.435;;;;-1.40;-1.81;-84.43
9.440;;;;3.08;-2.95;-80.67
9.445;;;;2.20;-6.55;-83.35
9.450;;;;0.50;0.55;-78.61
9.455;;;;-1.53;0.81;-74.57
9.460;;;;1.93;-1.43;-77.88
9.465;;;;-1.37;-1.83;-79.87
9.470;;;;2.87;1.65;-75.74
9.475;;;;1.24;2.49;-74.27
9.480;;;;2.50;1.73;-73.58
9.485;;;;2.44;-1.11;-74.73
9.490;;;;-1.79;-4.84;-78.83
9.495;;;;-0.70;-2.62;-80.82
9.500;;;;4.94;-2.35;-76.35
9.505;;;;2.71;-1.31;-78.53
9.510;;;;3.56;-2.03;-75.68
9.515;;;;1.08;-1.30;-73.76
9.520;;;;0.99;-1.36;-74.84
9.525;;;;3.10;1.71;-72.81
9.530;;;;1.34;-0.21;-77.21
9.535;;;;2.53;-3.53;-78.33
9.540;;;;1.93;-3.53;-78.90
9.545;;;;1.08;0.70;-77.51
9.550;;;;-0.25;3.11;-69.91
9.555;;;;0.53;0.99;-72.85
9.560;;;;2.50;-1.69;-75.23
9.565;;;;0.33;-1.92;-76.54
9.570;;;;3.22;-0.01;-73.61
9.575;;;;3.61;-2.97;-73.18
9.580;;;;0.00;-2.21;-75.80
9.585;;;;-1.73;-0.04;-71.27
9.590;;;;1.50;-3.09;-74.70
9.595;;;;-2.30;-2.48;-78.40
9.600;;;;4.79;-1.78;-74.63
9.605;;;;3.74;0.44;-73.18
9.610;;;;1.10;-1.06;-72.37
9.615;;;;-0.63;-0.50;-73.88
9.620;;;;0.25;0.26;-70.13
9.625;;;;1.91;0.64;-71.92
9.630;;;;-1.50;-3.39;-72.42
9.635;;;;-0.40;0.64;-70.48
9.640;;;;0.38;2.82;-68.34
9.645;;;;1.27;0.76;-68.51
9.650;;;;1.59;-4.52;-74.57
9.655;;;;1.00;-1.26;-72.70
9.660;;;;0.16;-1.46;-71.73
9.665;;;;-0.69;-3.34;-74.08
9.670;;;;0.70;-3.53;-73.86
9.675;;;;-0.30;-1.55;-70.37
9.680;;;;0.86;0.98;-65.95
9.685;;;;-1.76;-0.14;-67.81
9.690;;;;-0.09;-1.94;-68.05
9.695;;;;0.95;-1.60;-70.71
9.700;;;;-0.92;-3.31;-73.18
9.705;;;;-1.08;-1.71;-71.72
9.710;;;;-1.34;-1.10;-70.22
9.715;;;;0.41;-2.00;-65.99
9.720;;;;-1.09;-1.76;-70.62
9.725;;;;3.71;-1.24;-72.10
9.730;;;;-2.48;-3.08;-72.69
9.735;;;;-3.64;-1.61;-73.88
9.740;;;;1.96;-0.96;-70.83
9.745;;;;1.47;5.25;-64.28
9.750;;;;0.41;1.87;-68.24
9.755;;;;-0.33;-1.91;-68.43
9.760;;;;1.75;0.13;-68.68
9.765;;;;2.47;-1.24;-67.63
9.770;;;;0.38;-1.49;-68.57
9.775;;;;1.45;-3.39;-71.06
9.780;;;;-1.64;-0.40;-66.36
9.785;;;;2.90;-1.01;-65.23
9.790;;;;0.59;-1.95;-68.01
9.795;;;;0.52;-1.87;-70.19
9.800;;;;-0.15;-2.63;-70.63
9.805;;;;-1.00;-2.29;-68.11
9.810;;;;1.75;1.68;-65.56
9.815;;;;0.58;4.07;-61.88
9.820;;;;1.15;-0.19;-64.52
9.825;;;;2.97;-0.52;-67.73
9.830;;;;3.16;0.30;-62.28
9.835;;;;0.23;-1.51;-67.68
9.840;;;;-1.08;-0.26;-66.88
9.845;;;;2.12;-2.21;-65.58
9.850;;;;1.74;-0.44;-63.56
9.855;;;;0.57;-0.42;-65.00
9.860;;;;2.05;-4.11;-65.07
9.865;;;;0.21;2.86;-63.12
9.870;;;;0.35;-3.34;-66.55
9.875;;;;-1.90;-0.55;-64.58
9.880;;;;-2.33;-2.43;-68.61
9.885;;;;-0.75;-5.90;-69.35
9.890;;;;0.83;3.38;-60.04
9.895;;;;2.39;-0.84;-65.27
9.900;;;;-2.51;-2.16;-67.43
9.905;;;;0.21;-4.23;-64.18
9.910;;;;-1.14;-2.34;-64.30
9.915;;;;0.45;-1.36;-66.21
9.920;;;;0.41;-1.11;-61.59
9.925;;;;-2.49;-3.53;-65.79
9.930;;;;-0.27;-3.01;-66.68
9.935;;;;2.42;0.35;-61.13
9.940;;;;2.17;-1.94;-61.67
9.945;;;;2.07;-3.64;-65.34
9.950;;;;-1.99;-4.35;-68.57
9.955;;;;0.22;-0.90;-65.94
9.960;;;;0.86;-3.03;-63.85
9.965;;;;1.83;1.42;-60.90
9.970;;;;0.81;-3.11;-62.60
9.975;;;;-1.50;-2.06;-63.97
9.980;;;;-0.04;-0.68;-63.25
9.985;;;;-0.76;2.08;-58.02
9.990;;;;1.68;-0.26;-59.01
9.995;;;;1.74;-1.41;-57.48
10.000;;;;1.30;-0.36;-63.15
10.005;;;;-1.52;-0.22;-59.47
10.010;;;;-0.63;-4.81;-62.34
10.015;;;;2.33;-1.74;-61.41
10.020;;;;-0.31;-1.34;-60.30
10.025;;;;-0.35;-1.69;-62.10
10.030;;;;-1.56;-0.40;-60.90
10.035;;;;0.36;1.10;-59.50
10.040;;;;0.12;0.73;-61.85
10.045;;;;0.64;1.35;-61.97
10.050;;;;-0.44;-4.51;-60.85
10.055;;;;-0.57;-2.15;-60.68
10.060;;;;-0.17;-1.69;-59.19
10.065;;;;1.95;-0.28;-56.35
10.070;;;;1.63;-4.41;-57.96
10.075;;;;1.17;-2.28;-60.33
10.080;;;;1.15;-0.74;-59.99
10.085;;;;2.36;1.71;-59.17
10.090;;;;0.99;-3.64;-59.58
10.095;;;;0.87;1.01;-58.41
10.100;;;;1.93;2.07;-58.08
10.105;;;;1.29;-0.96;-56.16
10.110;;;;0.16;-0.67;-56.67
10.115;;;;-0.03;-1.35;-57.22
10.120;;;;-1.40;-2.20;-53.61
10.125;;;;2.36;-2.64;-57.03
10.130;;;;0.93;-3.90;-57.48
10.135;;;;0.28;-1.37;-59.77
10.140;;;;-2.95;3.23;-56.38
10.145;;;;3.60;-4.05;-61.12
10.150;;;;0.56;-1.58;-59.72
10.155;;;;0.63;0.03;-56.93
10.160;;;;4.01;1.40;-54.48
10.165;;;;-0.61;-2.27;-56.04
10.170;;;;-1.47;-3.65;-57.21
10.175;;;;2.75;-2.09;-58.84
10.180;;;;1.69;-2.39;-53.08
10.185;;;;1.24;-1.86;-53.77
10.190;;;;2.43;0.19;-53.26
10.195;;;;1.37;0.71;-54.97
10.200;;;;1.96;-2.65;-58.21
10.205;;;;1.15;-0.08;-54.21
10.210;;;;4.02;-4.61;-55.30
10.215;;;;1.30;-2.34;-53.78
10.220;;;;2.04;1.47;-49.82
10.225;;;;1.14;-0.68;-52.55
10.230;;;;-0.05;0.26;-56.46
10.235;;;;0.69;-1.85;-53.97
10.240;;;;1.87;-2.11;-53.66
10.245;;;;0.78;-1.47;-51.74
10.250;;;;0.87;-2.88;-53.36
10.255;;;;1.73;-0.35;-52.49
10.260;;;;-1.37;-3.54;-57.09
10.265;;;;1.61;-0.65;-52.21
10.270;;;;0.73;-1.25;-50.82
10.275;;;;0.20;-1.82;-51.23
10.280;;;;2.17;0.27;-48.71
10.285;;;;1.28;-0.73;-50.92
10.290;;;;-0.55;0.78;-49.84
10.295;;;;2.36;0.58;-47.80
10.300;;;;2.86;0.08;-51.49
10.305;;;;-1.08;1.30;-51.05
10.310;;;;2.29;-4.44;-53.11
10.315;;;;-2.17;-0.80;-50.85
10.320;;;;-0.01;-1.26;-51.16
10.325;;;;1.21;-2.30;-52.19
10.330;;;;1.37;-1.33;-49.73
10.335;;;;-1.09;1.86;-45.42
10.340;;;;0.11;-1.81;-50.51
10.345;;;;3.76;1.52;-46.86
10.350;;;;3.59;-1.60;-48.25
10.355;;;;-1.19;-5.01;-51.53
10.360;;;;1.74;-3.66;-53.76
10.365;;;;0.97;-3.70;-53.21
10.370;;;;-0.98;-0.47;-52.85
10.375;;;;-1.01;-0.50;-51.28
10.380;;;;0.09;-1.63;-52.28
10.385;;;;2.85;2.20;-48.11
10.390;;;;-0.63;-2.12;-50.59
10.395;;;;4.22;-1.53;-46.97
10.400;;;;0.04;-2.80;-51.42
10.405;;;;2.81;-0.03;-45.16
10.410;;;;2.45;1.96;-45.44
10.415;;;;0.25;-0.21;-47.85
10.420;;;;0.76;-1.50;-50.23
10.425;;;;0.27;-1.96;-49.83
10.430;;;;-0.48;-1.59;-50.39
10.435;;;;-1.66;2.87;-48.19
10.440;;;;-0.25;-1.15;-45.60
10.445;;;;1.86;-0.13;-45.50
10.450;;;;-0.39;0.39;-46.42
10.455;;;;-0.37;-2.60;-49.45
10.460;;;;2.96;-0.01;-47.22
10.465;;;;7.63;0.69;-42.06
10.470;;;;-2.75;0.32;-44.75
10.475;;;;-0.72;-1.44;-48.65
10.480;;;;1.10;-2.27;-48.12
10.485;;;;4.20;2.40;-41.92
10.490;;;;1.98;1.53;-39.87
10.495;;;;0.60;-0.59;-45.39
10.500;;;;1.86;-1.81;-43.13
10.505;;;;-1.05;-3.11;-46.19
10.510;;;;-1.81;-1.46;-47.40
10.515;;;;1.11;1.49;-42.70
10.520;;;;-0.80;-3.26;-41.05
10.525;;;;2.74;-4.41;-45.93
10.530;;;;1.31;-1.32;-44.48
10.535;;;;-1.14;-0.69;-45.93
10.540;;;;4.28;1.73;-40.76
10.545;;;;1.48;-0.13;-39.43
10.550;;;;2.28;2.24;-40.47
10.555;;;;2.00;-2.00;-42.79
10.560;;;;0.92;0.20;-42.46
10.565;;;;2.99;-3.65;-45.78
10.570;;;;1.84;-0.51;-41.13
10.575;;;;4.48;3.08;-37.72
10.580;;;;0.68;3.12;-38.89
10.585;;;;-0.14;-1.47;-43.20
10.590;;;;0.17;-1.74;-43.05
10.595;;;;0.63;0.18;-39.98
10.600;;;;2.11;-3.39;-39.81
10.605;;;;1.40;-1.39;-37.92
10.610;;;;1.57;-0.71;-38.98
10.615;;;;0.54;-1.52;-43.47
10.620;;;;0.50;-0.17;-42.40
10.625;;;;2.39;-1.77;-40.83
10.630;;;;3.73;-0.74;-40.90
10.635;;;;5.57;-0.12;-38.20
10.640;;;;0.10;1.20;-39.66
10.645;;;;1.85;0.83;-37.28
10.650;;;;0.33;-5.79;-41.64
10.655;;;;0.33;-3.84;-40.94
10.660;;;;-0.96;-0.89;-40.46
10.665;;;;-1.63;-2.11;-38.61
10.670;;;;-0.06;-0.84;-42.11
10.675;;;;-0.48;-1.37;-40.06
10.680;;;;2.46;0.69;-38.85
10.685;;;;2.99;-2.42;-43.10
10.690;;;;-4.72;-0.71;-42.60
10.695;;;;-1.14;-3.72;-45.76
10.700;;;;0.65;3.01;-38.92
10.705;;;;-1.49;-0.15;-44.00
10.710;;;;1.56;0.57;-38.33
10.715;;;;0.60;-1.71;-38.08
10.720;;;;1.31;2.56;-36.31
10.725;;;;1.06;-0.15;-36.33
10.730;;;;-1.94;-1.19;-38.83
10.735;;;;1.19;0.16;-37.36
10.740;;;;1.87;0.83;-39.94
10.745;;;;1.96;-2.17;-40.42
10.750;;;;-1.28;-2.84;-40.45
10.755;;;;-0.12;-3.19;-38.78
10.760;;;;-2.50;-1.19;-39.20
10.765;;;;2.12;-1.27;-38.25
10.770;;;;-0.80;-0.26;-39.74
10.775;;;;-1.02;0.78;-38.69
10.780;;;;-0.82;-0.76;-39.61
10.785;;;;-0.96;-3.96;-39.38
10.790;;;;5.24;1.37;-34.10
10.795;;;;2.54;-0.67;-33.34
10.800;;;;-2.06;0.00;-37.82
10.805;;;;0.90;3.87;-31.63
10.810;;;;-0.45;-1.23;-36.00
10.815;;;;-0.29;-0.24;-37.82
10.820;;;;0.03;-2.30;-38.72
10.825;;;;2.23;-0.83;-33.73
10.830;;;;-0.24;-1.82;-32.91
10.835;;;;0.96;-0.99;-35.66
10.840;;;;-0.74;1.06;-33.55
10.845;;;;0.77;-1.74;-33.25
10.850;;;;-0.17;-1.86;-37.07
10.855;;;;0.87;0.15;-37.43
10.860;;;;-0.34;-2.28;-38.18
10.865;;;;3.34;-3.48;-36.49
10.870;;;;1.57;0.69;-32.04
10.875;;;;2.72;-3.11;-28.93
10.880;;;;-0.90;0.27;-33.26
10.885;;;;0.98;-0.44;-30.97
10.890;;;;-0.90;-0.25;-32.33
10.895;;;;0.87;0.43;-32.11
10.900;;;;1.59;-1.01;-32.94
10.905;;;;-0.97;1.52;-33.90
10.910;;;;1.89;-0.39;-34.16
10.915;;;;0.97;1.29;-31.16
10.920;;;;1.21;-1.75;-32.24
10.925;;;;-1.70;-2.76;-35.30
10.930;;;;-0.06;-2.73;-35.21
10.935;;;;2.12;-0.78;-36.33
10.940;;;;1.65;-3.16;-35.36
10.945;;;;2.83;0.22;-30.54
10.950;;;;3.93;0.24;-26.97
10.955;;;;-0.53;-0.69;-29.00
10.960;;;;-2.04;-0.84;-32.78
10.965;;;;1.63;-0.57;-30.89
10.970;;;;3.93;-2.50;-23.46
10.975;;;;-1.85;-2.25;-29.88
10.980;;;;4.07;1.93;-29.51
10.985;;;;-0.14;-2.55;-32.22
10.990;;;;0.47;-2.78;-32.45
10.995;;;;-0.58;-0.69;-33.01
11.000;;;;-0.69;-3.17;-31.62
11.005;;;;-1.64;-2.57;-33.28
11.010;;;;-0.51;-0.90;-31.07
11.015;;;;2.89;2.78;-28.69
11.020;;;;2.04;-3.11;-28.92
11.025;;;;0.84;-0.44;-31.51
11.030;;;;-2.40;-4.14;-29.89
11.035;;;;-2.08;-2.10;-30.22
11.040;;;;0.27;-0.64;-30.86
11.045;;;;2.79;-1.34;-26.42
11.050;;;;5.14;2.44;-23.79
11.055;;;;2.86;-3.06;-24.76
11.060;;;;0.59;-3.52;-27.71
11.065;;;;5.65;-1.35;-22.95
11.070;;;;-2.12;-3.18;-25.00
11.075;;;;0.41;-2.71;-29.27
11.080;;;;-0.96;-0.61;-28.58
11.085;;;;-0.36;1.24;-27.04
11.090;;;;0.40;-1.48;-28.27
11.095;;;;1.90;-2.51;-30.07
11.100;;;;-0.65;0.09;-30.31
11.105;;;;-2.41;-0.97;-30.01
11.110;;;;0.97;0.94;-27.64
11.115;;;;1.10;-1.12;-28.09
11.120;;;;2.19;0.76;-25.67
11.125;;;;-0.70;-0.66;-25.09
11.130;;;;-3.26;-2.00;-28.37
11.135;;;;-0.34;-0.10;-26.02
11.140;;;;3.24;2.42;-23.04
11.145;;;;2.89;-1.48;-26.75
11.150;;;;2.77;-6.66;-24.53
11.155;;;;-1.15;1.34;-25.49
11.160;;;;1.50;-0.22;-21.80
11.165;;;;2.22;-2.42;-22.99
11.170;;;;1.18;-1.02;-20.90
11.175;;;;2.78;-0.03;-22.22
11.180;;;;1.29;-1.32;-24.87
11.185;;;;2.07;-2.51;-22.37
11.190;;;;0.90;-1.36;-21.71
11.195;;;;-3.73;0.13;-22.08
11.200;;;;1.91;1.45;-20.63
11.205;;;;1.71;2.49;-23.23
11.210;;;;-0.15;-0.78;-25.89
11.215;;;;0.31;0.99;-22.41
11.220;;;;-2.44;0.07;-28.19
11.225;;;;-1.58;-0.03;-25.29
11.230;;;;1.96;0.45;-26.50
11.235;;;;1.54;-2.58;-25.92
11.240;;;;0.58;-2.79;-25.96
11.245;;;;-0.54;-2.22;-22.64
11.250;;;;2.02;-1.60;-25.31
11.255;;;;-0.10;2.31;-22.43
11.260;;;;0.00;-1.84;-20.41
11.265;;;;-2.14;1.85;-22.59
11.270;;;;0.19;1.40;-24.19
11.275;;;;0.28;-0.88;-24.30
11.280;;;;-0.40;-3.01;-19.81
11.285;;;;1.14;-0.41;-20.41
11.290;;;;0.33;-1.11;-19.73
11.295;;;;2.66;0.07;-18.91
11.300;;;;0.02;0.78;-22.74
11.305;;;;1.16;-1.62;-20.25
11.310;;;;-0.85;-2.75;-26.48
11.315;;;;3.13;-2.19;-21.91
11.320;;;;4.23;-0.92;-15.97
11.325;;;;-1.54;-0.44;-21.81
11.330;;;;1.01;-0.94;-21.02
11.335;;;;1.94;0.87;-20.73
11.340;;;;0.86;1.45;-22.25
11.345;;;;-1.70;-2.05;-19.67
11.350;;;;2.14;-4.17;-20.27
11.355;;;;2.80;-0.44;-21.63
11.360;;;;-0.65;-0.15;-20.42
11.365;;;;-1.72;-2.54;-21.20
11.370;;;;1.16;0.26;-19.19
11.375;;;;-0.63;-0.74;-17.25
11.380;;;;-0.85;-2.60;-19.38
11.385;;;;2.58;0.97;-17.35
11.390;;;;-1.64;-3.10;-21.07
11.395;;;;-2.51;-0.06;-23.52
11.400;;;;-1.54;-0.55;-22.39
11.405;;;;-0.33;-1.56;-19.64
11.410;;;;0.27;-2.44;-16.87
11.415;;;;2.28;-0.90;-15.33
11.420;;;;0.12;-2.13;-19.04
11.425;;;;-2.57;1.17;-17.30
11.430;;;;-0.68;1.49;-16.70
11.435;;;;-1.89;0.18;-17.99
11.440;;;;-2.08;0.94;-17.77
11.445;;;;4.32;-1.83;-15.21
11.450;;;;8.12;1.42;-8.72
11.455;;;;1.82;0.84;-14.69
11.460;;;;0.37;-0.65;-15.41
11.465;;;;0.74;-0.49;-15.20
11.470;;;;-3.46;-1.09;-20.59
11.475;;;;1.97;-3.14;-16.08
11.480;;;;5.58;-0.76;-10.26
11.485;;;;1.49;-1.35;-12.85
11.490;;;;-1.28;-0.22;-16.13
11.495;;;;-1.79;-1.18;-17.79
11.500;;;;0.97;-0.53;-15.24
11.505;;;;-0.09;-1.25;-13.83
11.510;;;;1.16;-0.78;-9.98
11.515;;;;2.33;-3.64;-11.82
11.520;;;;1.48;-0.81;-11.03
11.525;;;;-1.29;-3.41;-14.50
11.530;;;;1.63;-0.64;-15.96
11.535;;;;3.05;1.73;-11.35
11.540;;;;2.34;1.56;-13.20
11.545;;;;3.20;-0.52;-12.25
11.550;;;;-0.04;-6.87;-14.28
11.555;;;;2.24;-0.38;-13.37
11.560;;;;2.01;0.30;-12.92
11.565;;;;-1.37;-0.35;-15.06
11.570;;;;-1.18;-1.55;-13.24
11.575;;;;-0.69;-0.06;-13.67
11.580;;;;1.06;-2.21;-13.78
11.585;;;;0.90;-0.71;-15.28
11.590;;;;-4.21;-1.18;-13.11
11.595;;;;1.68;-2.13;-14.08
11.600;;;;1.00;-4.32;-13.55
11.605;;;;1.97;0.04;-9.62
11.610;;;;0.20;-1.07;-9.97
11.615;;;;0.55;-2.96;-8.57
11.620;;;;0.19;-1.34;-12.99
11.625;;;;2.50;-3.24;-11.02
11.630;;;;1.21;0.58;-11.17
11.635;;;;-0.11;0.58;-13.50
11.640;;;;-1.95;0.91;-13.42
11.645;;;;3.27;0.31;-7.46
11.650;;;;-2.49;-1.92;-13.21
11.655;;;;2.72;-0.28;-10.87
11.660;;;;3.25;-0.37;-7.49
11.665;;;;1.48;-1.69;-7.90
11.670;;;;3.17;-2.71;-9.24
11.675;;;;2.05;-0.25;-7.22
11.680;;;;1.25;1.27;-8.61
11.685;;;;0.51;-2.58;-10.13
11.690;;;;2.72;-0.75;-8.45
11.695;;;;2.78;-1.51;-6.77
11.700;;;;-0.17;-2.94;-11.14
11.705;;;;-1.91;-1.11;-10.22
11.710;;;;3.27;0.23;-5.27
11.715;;;;1.53;0.65;-7.36
11.720;;;;1.58;0.45;-8.50
11.725;;;;-1.57;-1.94;-10.54
11.730;;;;0.17;0.35;-9.26
11.735;;;;-3.95;-1.63;-9.11
11.740;;;;-1.53;-1.43;-8.72
11.745;;;;0.07;1.05;-7.06
11.750;;;;3.92;0.29;-7.11
11.755;;;;1.53;3.39;-5.67
11.760;;;;1.04;-0.28;-4.24
11.765;;;;-0.66;0.82;-7.90
11.770;;;;2.15;0.60;-4.21
11.775;;;;2.08;0.52;-0.54
11.780;;;;3.40;0.59;-1.19
11.785;;;;3.12;-3.46;-2.14
11.790;;;;-2.82;-2.22;-5.53
11.795;;;;1.46;-0.24;-6.37
11.800;;;;1.00;1.64;-4.30
11.805;;;;-1.23;-0.50;-6.36
11.810;;;;-0.62;0.55;-7.74
11.815;;;;1.31;1.09;-1.64
11.820;;;;0.90;-1.27;-2.65
11.825;;;;3.51;-1.65;-1.84
11.830;;;;1.27;-2.09;-2.36
11.835;;;;3.21;0.43;-1.46
11.840;;;;2.82;-1.35;-0.63
11.845;;;;0.76;-1.63;-2.98
11.850;;;;0.47;1.90;-3.56
11.855;;;;5.27;0.19;-0.77
11.860;;;;0.57;-3.24;-0.87
11.865;;;;0.86;-0.58;-3.06
11.870;;;;3.31;-2.20;0.85
11.875;;;;3.60;-0.93;2.93
11.880;;;;-0.01;-3.15;-0.35
11.885;;;;0.09;-0.46;-2.28
11.890;;;;-3.30;-0.57;-8.23
11.895;;;;1.16;-2.24;-7.20
11.900;;;;3.74;0.23;0.11
11.905;;;;-0.94;-0.88;-5.64
11.910;;;;-1.69;-0.69;-4.32
11.915;;;;2.94;-2.90;-2.06
11.920;;;;2.95;1.27;0.90
11.925;;;;4.17;0.92;-1.69
11.930;;;;5.35;-1.29;2.90
11.935;;;;-0.27;-1.55;-1.42
11.940;;;;-0.44;-0.25;0.25
11.945;;;;2.17;2.18;2.63
11.950;;;;1.47;-0.97;2.92
11.955;;;;1.17;-0.74;0.15
11.960;;;;3.69;-3.41;2.64
11.965;;;;1.44;-0.83;2.54
11.970;;;;2.24;1.03;3.20
11.975;;;;4.96;-2.32;4.04
11.980;;;;1.38;0.63;0.89
11.985;;;;-0.03;-2.73;0.23
11.990;;;;1.68;-0.26;0.89
11.995;;;;-0.29;-0.24;-1.25
12.000;;;;3.97;-3.12;3.75
